#id	elementid	vehicletypeid	defaultvalue	changedon
1	3	1	0	2019-12-21 20:26:30.583
2	4	1	0	2019-12-21 20:26:30.583
3	16	1	0	2019-12-21 20:26:30.583
4	25	1	10	2019-12-21 20:26:30.583
5	81	1	0	2019-12-21 20:26:30.583
6	82	1	0	2019-12-21 20:26:30.583
7	87	1	0	2019-12-21 20:26:30.583
8	88	1	0	2019-12-21 20:26:30.583
9	101	1	0	2019-12-21 20:26:30.583
10	102	1	0	2019-12-21 20:26:30.583
11	103	1	0	2019-12-21 20:26:30.583
12	104	1	0	2019-12-21 20:26:30.583
13	105	1	0	2019-12-21 20:26:30.583
14	116	1	0	2019-12-21 20:26:30.583
15	117	1	0	2019-12-21 20:26:30.583
16	140	1	0	2019-12-21 20:26:30.583
17	148	1	0	2019-12-21 20:26:30.583
18	149	1	0	2019-12-21 20:26:30.583
19	170	1	0	2019-12-21 20:26:30.583
20	171	1	0	2019-12-21 20:26:30.583
21	172	1	0	2019-12-21 20:26:30.583
22	173	1	0	2019-12-21 20:26:30.583
23	174	1	0	2019-12-21 20:26:30.583
24	175	1	0	2019-12-21 20:26:30.583
25	177	1	0	2019-12-21 20:26:30.583
26	178	1	0	2019-12-21 20:26:30.583
27	179	1	0	2019-12-21 20:26:30.583
28	180	1	0	2019-12-21 20:26:30.583
29	183	1	0	2019-12-21 20:26:30.583
30	3	2	0	2019-12-21 20:26:30.583
31	4	2	0	2019-12-21 20:26:30.583
32	116	2	0	2019-12-21 20:26:30.583
33	117	2	0	2019-12-21 20:26:30.583
34	140	2	0	2019-12-21 20:26:30.583
35	148	2	0	2019-12-21 20:26:30.583
36	149	2	0	2019-12-21 20:26:30.583
37	151	2	0	2019-12-21 20:26:30.583
38	152	2	0	2019-12-21 20:26:30.583
39	153	2	0	2019-12-21 20:26:30.583
40	116	3	0	2019-12-21 20:26:30.583
41	117	3	0	2019-12-21 20:26:30.583
42	140	3	0	2019-12-21 20:26:30.583
43	148	3	0	2019-12-21 20:26:30.583
44	149	3	0	2019-12-21 20:26:30.583
45	151	3	0	2019-12-21 20:26:30.583
46	152	3	0	2019-12-21 20:26:30.583
47	153	3	0	2019-12-21 20:26:30.583
48	3	5	0	2019-12-21 20:26:30.583
49	4	5	0	2019-12-21 20:26:30.583
51	116	5	0	2019-12-21 20:26:30.583
52	117	5	0	2019-12-21 20:26:30.583
53	140	5	0	2019-12-21 20:26:30.583
54	151	5	0	2019-12-21 20:26:30.583
55	152	5	0	2019-12-21 20:26:30.583
56	153	5	0	2019-12-21 20:26:30.583
57	2	6	0	2019-12-21 20:26:30.583
58	3	6	0	2019-12-21 20:26:30.583
59	4	6	0	2019-12-21 20:26:30.583
60	15	6	0	2019-12-21 20:26:30.583
61	16	6	0	2019-12-21 20:26:30.583
62	23	6	0	2019-12-21 20:26:30.583
63	24	6	0	2019-12-21 20:26:30.583
64	36	6	0	2019-12-21 20:26:30.583
65	37	6	0	2019-12-21 20:26:30.583
66	55	6	0	2019-12-21 20:26:30.583
67	56	6	0	2019-12-21 20:26:30.583
68	62	6	0	2019-12-21 20:26:30.583
69	64	6	0	2019-12-21 20:26:30.583
70	65	6	0	2019-12-21 20:26:30.583
71	66	6	0	2019-12-21 20:26:30.583
72	67	6	0	2019-12-21 20:26:30.583
73	69	6	0	2019-12-21 20:26:30.583
74	72	6	0	2019-12-21 20:26:30.583
75	78	6	0	2019-12-21 20:26:30.583
76	79	6	0	2019-12-21 20:26:30.583
77	81	6	0	2019-12-21 20:26:30.583
78	82	6	0	2019-12-21 20:26:30.583
79	86	6	0	2019-12-21 20:26:30.583
80	87	6	0	2019-12-21 20:26:30.583
81	88	6	0	2019-12-21 20:26:30.583
82	99	6	0	2019-12-21 20:26:30.583
83	100	6	0	2019-12-21 20:26:30.583
84	101	6	0	2019-12-21 20:26:30.583
85	102	6	0	2019-12-21 20:26:30.583
86	103	6	0	2019-12-21 20:26:30.583
87	104	6	0	2019-12-21 20:26:30.583
88	105	6	0	2019-12-21 20:26:30.583
89	107	6	0	2019-12-21 20:26:30.583
90	122	6	0	2019-12-21 20:26:30.583
91	126	6	0	2019-12-21 20:26:30.583
92	127	6	0	2019-12-21 20:26:30.583
93	135	6	0	2019-12-21 20:26:30.583
94	140	6	0	2019-12-21 20:26:30.583
95	148	6	0	2019-12-21 20:26:30.583
96	149	6	0	2019-12-21 20:26:30.583
97	151	6	0	2019-12-21 20:26:30.583
98	152	6	0	2019-12-21 20:26:30.583
99	153	6	0	2019-12-21 20:26:30.583
100	168	6	0	2019-12-21 20:26:30.583
101	170	6	0	2019-12-21 20:26:30.583
102	171	6	0	2019-12-21 20:26:30.583
103	172	6	0	2019-12-21 20:26:30.583
104	173	6	0	2019-12-21 20:26:30.583
105	174	6	0	2019-12-21 20:26:30.583
106	175	6	0	2019-12-21 20:26:30.583
107	176	6	0	2019-12-21 20:26:30.583
108	177	6	0	2019-12-21 20:26:30.583
109	178	6	0	2019-12-21 20:26:30.583
110	179	6	0	2019-12-21 20:26:30.583
111	180	6	0	2019-12-21 20:26:30.583
112	183	6	0	2019-12-21 20:26:30.583
113	116	7	0	2019-12-21 20:26:30.583
114	117	7	0	2019-12-21 20:26:30.583
115	140	7	0	2019-12-21 20:26:30.583
116	148	7	0	2019-12-21 20:26:30.583
117	149	7	0	2019-12-21 20:26:30.583
118	151	7	0	2019-12-21 20:26:30.583
119	152	7	0	2019-12-21 20:26:30.583
120	153	7	0	2019-12-21 20:26:30.583
121	3	9	0	2019-12-21 20:26:30.583
122	4	9	0	2019-12-21 20:26:30.583
123	16	9	0	2019-12-21 20:26:30.583
124	81	9	0	2019-12-21 20:26:30.583
125	82	9	0	2019-12-21 20:26:30.583
126	87	9	0	2019-12-21 20:26:30.583
127	88	9	0	2019-12-21 20:26:30.583
128	101	9	0	2019-12-21 20:26:30.583
129	102	9	0	2019-12-21 20:26:30.583
130	103	9	0	2019-12-21 20:26:30.583
131	104	9	0	2019-12-21 20:26:30.583
132	105	9	0	2019-12-21 20:26:30.583
133	116	9	0	2019-12-21 20:26:30.583
134	117	9	0	2019-12-21 20:26:30.583
135	140	9	0	2019-12-21 20:26:30.583
136	148	9	0	2019-12-21 20:26:30.583
137	149	9	0	2019-12-21 20:26:30.583
138	151	9	0	2019-12-21 20:26:30.583
139	152	9	0	2019-12-21 20:26:30.583
140	153	9	0	2019-12-21 20:26:30.583
141	168	9	0	2019-12-21 20:26:30.583
142	170	9	0	2019-12-21 20:26:30.583
143	171	9	0	2019-12-21 20:26:30.583
144	172	9	0	2019-12-21 20:26:30.583
145	173	9	0	2019-12-21 20:26:30.583
146	174	9	0	2019-12-21 20:26:30.583
147	175	9	0	2019-12-21 20:26:30.583
148	177	9	0	2019-12-21 20:26:30.583
149	178	9	0	2019-12-21 20:26:30.583
150	179	9	0	2019-12-21 20:26:30.583
151	180	9	0	2019-12-21 20:26:30.583
152	183	9	0	2019-12-21 20:26:30.583
154	116	10	0	2019-12-21 20:26:30.583
155	117	10	0	2019-12-21 20:26:30.583
156	140	10	0	2019-12-21 20:26:30.583
157	151	10	0	2019-12-21 20:26:30.583
158	152	10	0	2019-12-21 20:26:30.583
159	153	10	0	2019-12-21 20:26:30.583
160	3	13	0	2019-12-21 20:26:30.583
161	4	13	0	2019-12-21 20:26:30.583
162	16	13	0	2019-12-21 20:26:30.583
163	81	13	0	2019-12-21 20:26:30.583
164	82	13	0	2019-12-21 20:26:30.583
165	87	13	0	2019-12-21 20:26:30.583
166	88	13	0	2019-12-21 20:26:30.583
167	101	13	0	2019-12-21 20:26:30.583
168	102	13	0	2019-12-21 20:26:30.583
169	103	13	0	2019-12-21 20:26:30.583
170	104	13	0	2019-12-21 20:26:30.583
171	105	13	0	2019-12-21 20:26:30.583
172	116	13	0	2019-12-21 20:26:30.583
173	117	13	0	2019-12-21 20:26:30.583
174	140	13	0	2019-12-21 20:26:30.583
175	148	13	0	2019-12-21 20:26:30.583
176	149	13	0	2019-12-21 20:26:30.583
177	170	13	0	2019-12-21 20:26:30.583
178	171	13	0	2019-12-21 20:26:30.583
179	172	13	0	2019-12-21 20:26:30.583
180	173	13	0	2019-12-21 20:26:30.583
181	174	13	0	2019-12-21 20:26:30.583
182	175	13	0	2019-12-21 20:26:30.583
183	177	13	0	2019-12-21 20:26:30.583
184	178	13	0	2019-12-21 20:26:30.583
185	179	13	0	2019-12-21 20:26:30.583
186	180	13	0	2019-12-21 20:26:30.583
187	183	13	0	2019-12-21 20:26:30.583
188	25	9	10	2019-12-21 20:26:30.583
