#id	enginemodelid	elementid	attributeid	changedon
1	28	9	6	2016-03-02 16:47:05.727
2	28	17	4	2016-03-02 16:47:05.750
3	28	24	1	2016-03-02 16:47:05.763
4	28	64	1	2016-03-02 16:47:05.777
9	29	9	6	2016-03-02 16:51:48.743
10	29	17	4	2016-03-02 16:51:48.743
11	29	24	1	2016-03-02 16:51:48.747
12	29	64	1	2016-03-02 16:51:48.747
13	30	9	6	2016-03-02 16:51:48.750
14	30	17	4	2016-03-02 16:51:48.750
15	30	24	1	2016-03-02 16:51:48.753
16	30	64	1	2016-03-02 16:51:48.753
17	31	9	6	2016-03-02 16:51:48.753
18	31	17	4	2016-03-02 16:51:48.753
19	31	24	1	2016-03-02 16:51:48.753
20	31	64	1	2016-03-02 16:51:48.753
21	32	9	6	2016-03-02 16:51:48.757
22	32	17	4	2016-03-02 16:51:48.757
23	32	24	1	2016-03-02 16:51:48.757
24	32	64	1	2016-03-02 16:51:48.757
25	33	9	6	2016-03-02 16:51:48.757
26	33	17	4	2016-03-02 16:51:48.760
27	33	24	1	2016-03-02 16:51:48.760
28	33	64	1	2016-03-02 16:51:48.760
29	34	9	6	2016-03-02 16:51:48.760
30	34	17	4	2016-03-02 16:51:48.760
31	34	24	1	2016-03-02 16:51:48.760
32	34	64	1	2016-03-02 16:51:48.763
33	35	9	6	2016-03-02 16:51:48.763
34	35	17	4	2016-03-02 16:51:48.763
35	35	24	1	2016-03-02 16:51:48.763
36	35	64	1	2016-03-02 16:51:48.763
37	36	9	6	2016-03-02 16:51:48.763
38	36	17	4	2016-03-02 16:51:48.767
39	36	24	1	2016-03-02 16:51:48.767
40	36	64	1	2016-03-02 16:51:48.767
41	37	9	6	2016-03-02 16:51:48.767
42	37	17	4	2016-03-02 16:51:48.767
43	37	24	1	2016-03-02 16:51:48.767
44	37	64	1	2016-03-02 16:51:48.770
45	38	9	6	2016-03-02 16:51:48.773
46	38	17	4	2016-03-02 16:51:48.777
47	38	24	1	2016-03-02 16:51:48.777
48	38	64	1	2016-03-02 16:51:48.780
49	39	9	6	2016-03-02 16:51:48.780
50	39	17	4	2016-03-02 16:51:48.783
51	39	24	1	2016-03-02 16:51:48.783
52	39	64	1	2016-03-02 16:51:48.787
53	40	9	6	2016-03-02 16:51:48.790
54	40	17	4	2016-03-02 16:51:48.790
55	40	24	1	2016-03-02 16:51:48.790
56	40	64	1	2016-03-02 16:51:48.793
57	41	9	6	2016-03-02 16:51:48.797
58	41	17	4	2016-03-02 16:51:48.800
59	41	24	1	2016-03-02 16:51:48.800
60	41	64	1	2016-03-02 16:51:48.803
61	42	9	6	2016-03-02 16:51:48.803
62	42	17	4	2016-03-02 16:51:48.807
63	42	24	17	2022-07-06 12:12:23.637
64	42	64	1	2016-03-02 16:51:48.810
69	44	9	6	2016-03-02 16:51:48.837
70	44	17	4	2016-03-02 16:51:48.840
71	44	24	1	2016-03-02 16:51:48.843
72	44	64	1	2016-03-02 16:51:48.847
73	45	9	6	2016-03-02 16:51:48.847
74	45	17	4	2016-03-02 16:51:48.850
75	45	24	1	2016-03-02 16:51:48.853
76	45	64	1	2016-03-02 16:51:48.853
77	46	9	6	2016-03-02 16:51:48.857
78	46	17	4	2016-03-02 16:51:48.860
79	46	24	17	2016-03-02 17:00:35.860
80	46	64	1	2016-03-02 16:51:48.860
81	47	9	6	2016-03-02 16:51:48.860
82	47	17	4	2016-03-02 16:51:48.867
83	47	24	17	2022-07-06 11:41:38.243
84	47	64	1	2016-03-02 16:51:48.870
85	48	9	6	2016-03-02 16:51:48.873
86	48	17	4	2016-03-02 16:51:48.873
87	48	24	17	2016-03-02 17:20:41.773
88	48	64	1	2016-03-02 16:51:48.877
89	49	9	6	2016-03-02 16:51:48.880
90	49	17	4	2016-03-02 16:51:48.880
91	49	24	1	2016-03-02 16:51:48.883
92	49	64	1	2016-03-02 16:51:48.887
93	50	9	6	2016-03-02 16:51:48.887
94	50	17	4	2016-03-02 16:51:48.890
95	50	24	1	2016-03-02 16:51:48.890
96	50	64	1	2016-03-02 16:51:48.893
97	51	9	6	2016-03-02 16:51:48.893
98	51	17	4	2016-03-02 16:51:48.897
99	51	24	1	2016-03-02 16:51:48.897
100	51	64	1	2016-03-02 16:51:48.900
101	52	9	6	2016-03-02 16:51:48.900
102	52	17	4	2016-03-02 16:51:48.903
103	52	24	1	2016-03-02 16:51:48.907
104	52	64	1	2016-03-02 16:51:48.907
105	53	9	6	2016-03-02 16:51:48.910
106	53	17	4	2016-03-02 16:51:48.910
107	53	24	1	2016-03-02 16:51:48.913
108	53	64	1	2016-03-02 16:51:48.913
109	54	9	6	2016-03-02 16:51:48.917
110	54	17	4	2016-03-02 16:51:48.917
111	54	24	1	2016-03-02 16:51:48.920
112	54	64	1	2016-03-02 16:51:48.920
113	55	9	6	2016-03-02 16:51:48.923
114	55	17	4	2016-03-02 16:51:48.927
115	55	24	1	2016-03-02 16:51:48.927
116	55	64	1	2016-03-02 16:51:48.930
117	31	13	7.2	2019-12-16 14:41:17.000
118	31	71	210	2019-12-16 14:41:17.000
119	31	125	360	2019-12-16 14:41:17.017
120	31	129	Horsepower: 210, 230, 250, 275, 300, 330, 350 and 360 hp	2019-12-16 14:41:17.030
121	32	13	10	2016-03-02 16:55:07.927
122	28	13	10.5	2016-03-02 16:55:21.307
123	29	13	14.6	2019-12-16 14:55:14.803
124	29	71	355	2016-03-02 16:56:48.970
125	29	125	625	2016-03-02 16:56:48.993
126	29	129	horsepower: 355, 375, 435, 435/500, 455, 475/500, 475, 500, 550, 600, 625	2019-12-16 14:55:14.803
127	40	13	10.3	2019-12-16 15:08:21.723
128	40	71	295	2019-12-16 15:08:21.740
129	40	125	385	2019-12-16 15:08:21.740
130	40	129	hersepower: 295, 320, 350, 365, 385	2019-12-16 15:08:21.740
132	41	71	340	2019-12-16 15:12:22.310
133	41	125	490	2019-12-16 15:12:22.310
135	33	13	9	2016-03-02 16:59:13.663
136	33	71	335	2016-03-02 16:59:13.667
137	33	125	400	2016-03-02 16:59:13.670
138	33	129	horsepower: 335, 350, 400	2016-03-02 16:59:13.673
139	30	13	18.1	2019-12-16 15:16:10.930
140	30	71	575	2019-12-16 15:16:10.930
141	46	13	8	2016-03-02 17:00:35.853
142	46	71	275	2016-03-02 17:00:35.877
143	46	125	280	2016-03-02 17:00:35.883
144	44	13	6	2016-03-02 17:02:01.420
145	44	71	185	2016-03-02 17:02:01.423
146	44	125	300	2016-03-02 17:02:01.427
148	53	13	6	2016-03-02 17:02:31.250
149	53	71	200	2016-03-02 17:02:31.253
150	53	125	280	2016-03-02 17:02:31.257
151	53	129	horsepower: 200, 220, 260, 280	2016-03-02 17:02:31.260
152	45	13	8.3	2016-03-02 17:03:11.610
153	45	71	215	2016-03-02 17:03:11.613
154	45	125	350	2016-03-02 17:03:11.617
155	45	129	horsepower: 215, 225, 230, 240, 250, 260, 275, 285, 300, 315, 320, 330, 335, 350	2016-03-02 17:03:11.623
156	50	13	8.9	2019-12-17 09:29:28.830
157	50	71	310	2016-03-02 17:04:03.333
158	50	125	425	2016-03-02 17:04:03.337
160	47	13	8.9	2019-12-17 16:23:07.180
164	55	13	10.8	2020-06-30 15:34:20.567
165	55	71	280	2016-03-02 17:05:26.760
166	55	125	500	2019-12-17 09:28:48.443
167	55	129	horsepower: 280, 310, 320, 330, 350, 365, 370, 385, 400, 410, 425, 430, 435, 450, 500	2019-12-17 09:29:05.137
171	49	13	15	2016-03-02 17:08:53.770
172	49	71	400	2016-03-02 17:08:53.780
173	49	125	600	2016-03-02 17:08:53.783
174	49	129	horsepower: 400, 415, 420, 425, 435, 450, 455, 465, 475, 480, 485, 500, 505, 525, 530, 550, 565, 600	2016-03-02 17:08:53.787
175	52	13	12	2016-03-02 17:09:32.437
176	52	71	310	2016-03-02 17:09:32.440
177	52	125	500	2016-03-02 17:09:32.447
178	52	129	horsepower: 310, 320, 330, 350, 385, 400, 425, 450, 500	2016-03-02 17:09:32.453
179	42	13	15	2016-03-02 17:10:19.147
181	42	71	320	2022-07-06 11:57:16.020
182	42	125	400	2022-07-06 11:57:16.033
184	54	13	10.8	2019-12-17 08:49:09.693
185	54	71	280	2016-03-02 17:10:57.847
186	54	125	500.00	2019-12-17 08:49:09.693
187	54	129	horsepower: 280, 305, 310, 330, 330/370, 335, 350, 350/400, 370, 400, 425, 450, 500	2019-12-17 08:49:09.693
188	38	13	12.9	2020-07-17 13:42:18.133
189	38	71	380	2016-03-02 17:11:31.297
190	38	125	510	2016-03-02 17:11:31.300
192	35	13	11	2016-03-02 17:12:24.207
193	35	129	horsepower: 335, 355, 375, 385, 425, 430	2016-03-02 17:12:24.210
194	51	13	14	2016-03-02 17:13:12.760
196	51	71	330	2016-03-02 17:13:49.800
197	51	125	500	2016-03-02 17:13:49.807
198	36	13	6.7	2020-07-17 16:05:06.533
199	36	71	200	2016-03-02 17:14:49.463
200	36	125	360	2016-03-02 17:14:49.470
201	36	129	horsepower: 200, 220, 240, 250, 260, 280, 300, 325, 340, 360; displacement: 6&7L	2016-03-02 17:14:49.473
202	37	13	8	2016-03-02 17:15:24.990
203	37	71	240	2016-03-02 17:15:24.993
204	37	125	360	2016-03-02 17:15:24.997
205	37	129	horsepower: 240, 260, 285, 300, 315, 330, 360	2016-03-02 17:15:25.000
206	34	13	9	2016-03-02 17:15:59.880
207	34	71	260	2016-03-02 17:15:59.887
208	34	125	450	2016-03-02 17:15:59.890
210	39	13	11.1	2016-03-02 17:16:44.607
211	39	71	330	2016-03-02 17:16:44.610
212	39	125	500	2016-03-02 17:16:44.630
214	48	13	12	2016-03-02 17:17:14.597
215	48	71	320	2016-03-02 17:17:14.600
216	48	125	400	2016-03-02 17:17:14.613
217	48	129	horsepower: 320, 330, 350, 385, 400	2016-03-02 17:17:14.617
218	46	129	horsepower: 275, 280	2016-03-02 17:17:57.233
219	31	146	Caterpillar	2019-12-13 15:43:09.950
220	32	146	Caterpillar	2019-12-13 15:45:55.963
221	28	146	Caterpillar	2019-12-13 15:46:12.517
222	29	146	Caterpillar	2019-12-13 15:46:45.977
223	40	146	Caterpillar	2019-12-13 15:47:23.840
224	41	146	Caterpillar	2019-12-13 15:47:40.687
225	33	146	Caterpillar	2019-12-13 15:48:07.177
226	30	146	Caterpillar	2019-12-13 15:48:31.870
227	46	146	Cummins	2019-12-13 15:48:45.753
228	44	146	Cummins	2019-12-13 15:49:23.333
229	53	146	Cummins	2019-12-13 15:49:34.350
230	45	146	Cummins	2019-12-13 15:50:17.000
231	50	146	Cummins	2019-12-13 15:50:39.370
232	47	146	Cummins	2019-12-13 15:50:46.607
233	55	146	Cummins	2019-12-13 15:51:01.990
234	49	146	Cummins	2019-12-13 15:51:12.940
235	52	146	Cummins	2019-12-13 15:51:49.163
236	42	146	Cummins	2019-12-13 15:51:56.590
237	54	146	Cummins	2019-12-13 15:52:14.980
238	35	146	Cummins	2019-12-13 15:52:28.337
239	38	146	PACCAR	2020-07-17 13:48:20.140
240	51	146	Cummins	2019-12-13 15:52:59.147
241	36	146	Cummins	2019-12-13 15:53:29.113
242	37	146	Cummins	2019-12-13 15:53:36.350
243	34	146	PACCAR	2022-12-13 11:26:25.500
244	39	146	Detroit Diesel	2019-12-13 15:54:36.130
245	48	146	Cummins	2019-12-13 15:54:48.907
246	57	9	8	2019-12-16 10:56:00.300
247	57	13	10.4	2019-12-16 10:56:00.300
248	57	17	4	2019-12-16 10:56:00.317
249	57	24	1	2019-12-16 10:56:00.317
250	57	64	2	2019-12-16 10:56:00.330
251	57	71	210	2019-12-16 10:56:00.330
252	57	125	435	2019-12-16 10:56:00.330
253	57	146	Caterpillar	2019-12-16 10:56:00.330
254	58	9	8	2019-12-16 11:08:47.563
255	58	12	427	2019-12-16 11:08:47.563
256	58	24	4	2019-12-16 11:08:47.563
257	58	64	2	2019-12-16 11:08:47.563
258	58	146	Chevrolet	2019-12-16 11:08:47.563
259	59	9	8	2019-12-16 11:15:09.940
260	59	12	427	2019-12-16 11:15:09.940
262	59	24	4	2019-12-16 11:15:09.970
263	59	64	2	2019-12-16 11:15:09.987
264	59	146	Chevrolet	2019-12-16 11:15:10.003
265	60	9	8	2019-12-16 11:27:18.940
266	60	13	10.4	2019-12-16 11:27:18.940
267	60	17	4	2019-12-16 11:27:18.940
268	60	24	1	2019-12-16 11:27:18.953
269	60	71	160	2019-12-16 16:04:32.460
270	60	125	210	2019-12-16 16:04:32.477
271	60	146	Caterpillar	2019-12-16 11:27:18.970
272	61	9	8	2019-12-16 11:31:38.073
273	61	13	8.3	2019-12-16 11:31:38.073
274	61	17	4	2019-12-16 11:31:38.073
275	61	24	1	2019-12-16 11:31:38.073
276	61	64	2	2019-12-16 11:31:38.090
277	61	146	Cummins	2019-12-16 11:31:38.103
278	62	13	6.2	2019-12-16 11:32:11.957
279	62	24	1	2019-12-16 11:32:11.973
280	63	9	8	2019-12-16 11:33:47.103
281	63	12	555	2019-12-16 11:33:47.103
282	63	17	4	2019-12-16 11:33:47.103
283	63	24	1	2019-12-16 11:33:47.103
284	63	64	2	2019-12-16 11:33:47.103
285	63	135	1	2019-12-16 11:33:47.103
286	63	146	Cummins	2019-12-16 11:33:47.117
287	62	9	6	2019-12-16 11:35:32.530
288	62	12	378	2019-12-16 11:35:32.577
289	62	17	4	2019-12-16 11:35:32.607
290	62	71	86	2019-12-16 11:35:32.637
291	62	125	111	2019-12-16 11:35:32.683
292	62	146	Cummins	2019-12-16 11:35:32.730
293	64	9	8	2019-12-16 11:39:01.540
294	64	12	555	2019-12-16 11:39:01.540
295	64	17	4	2019-12-16 11:39:01.540
296	64	24	1	2019-12-16 11:39:01.540
297	64	71	235	2019-12-16 11:39:01.540
298	64	125	270	2019-12-16 11:39:01.540
299	64	135	1	2019-12-16 11:39:01.557
300	64	146	Cummins	2019-12-16 11:39:01.557
301	65	9	8	2019-12-16 11:52:49.177
302	65	12	738	2019-12-16 11:52:49.177
303	65	17	2	2019-12-16 11:52:49.177
304	65	24	1	2019-12-16 11:52:49.177
305	65	64	2	2019-12-16 11:52:49.193
306	65	71	312	2019-12-16 11:52:49.193
307	65	125	388	2019-12-16 11:52:49.193
308	65	146	Detroit Diesel	2019-12-16 11:52:49.210
309	66	9	6	2019-12-16 11:59:35.313
310	66	13	7	2019-12-16 11:59:35.313
311	66	17	2	2019-12-16 11:59:35.330
312	66	24	1	2019-12-16 11:59:35.330
313	66	64	2	2019-12-16 11:59:35.330
314	66	146	Detroit Diesel	2019-12-16 11:59:35.330
315	67	9	8	2019-12-16 12:01:23.547
316	67	13	9.3	2019-12-16 12:01:23.547
317	67	17	2	2019-12-16 12:01:23.580
318	67	24	1	2019-12-16 12:01:23.593
319	67	64	2	2019-12-16 12:01:23.593
320	67	71	318	2019-12-16 12:01:23.593
321	67	125	385	2019-12-16 12:01:23.610
322	67	146	Detroit Diesel	2019-12-16 12:01:23.610
323	66	71	238	2019-12-16 12:01:38.650
324	66	125	307	2019-12-16 12:01:38.650
325	68	9	6	2019-12-16 12:04:31.950
326	68	13	9	2019-12-16 12:04:31.950
327	68	17	2	2019-12-16 12:04:31.950
328	68	24	1	2019-12-16 12:04:31.950
329	68	64	2	2019-12-16 12:04:31.967
330	68	146	Detroit Diesel	2019-12-16 12:04:31.967
331	68	71	270	2019-12-16 12:24:09.547
332	69	9	6	2019-12-16 12:10:55.357
333	69	12	318	2019-12-16 12:10:55.357
334	69	17	2	2019-12-16 12:10:55.357
335	69	24	1	2019-12-16 12:10:55.357
336	69	64	2	2019-12-16 12:10:55.357
337	69	71	160	2019-12-16 12:10:55.373
338	69	125	300	2019-12-16 12:10:55.373
339	69	146	Detroit Diesel	2019-12-16 12:10:55.373
340	70	9	8	2019-12-16 12:21:28.960
341	70	24	1	2019-12-16 12:21:28.973
342	70	64	2	2019-12-16 12:21:28.973
343	70	71	225	2019-12-16 12:21:28.973
344	70	135	1	2019-12-16 12:21:28.973
345	70	146	Cummins	2019-12-16 12:21:28.973
346	68	125	335	2019-12-16 12:24:09.563
347	71	9	8	2019-12-16 12:28:56.077
348	71	13	8.2	2019-12-16 12:28:56.077
349	71	17	4	2019-12-16 12:28:56.077
350	71	24	1	2019-12-16 12:28:56.077
351	71	64	2	2019-12-16 12:28:56.077
352	71	146	Detroit Diesel	2019-12-16 12:28:56.090
353	72	9	6	2019-12-16 12:41:46.010
354	72	13	8.3	2019-12-16 12:41:46.010
355	72	24	1	2019-12-16 12:41:46.010
356	72	146	Cummins	2019-12-16 12:41:46.010
357	72	64	1	2019-12-16 12:43:39.110
358	73	9	6	2019-12-16 14:26:33.877
359	73	12	402	2019-12-16 14:26:33.893
360	73	13	6.6	2019-12-16 14:26:33.893
361	73	17	4	2019-12-16 14:26:33.893
362	73	24	1	2019-12-16 14:26:33.893
363	73	64	1	2019-12-16 14:26:33.893
364	73	146	Caterpillar	2019-12-16 14:26:33.893
365	74	12	268	2019-12-16 14:27:19.833
366	74	13	4.4	2019-12-16 14:27:19.833
367	74	24	1	2019-12-16 14:27:19.847
368	74	146	Caterpillar	2019-12-16 14:27:19.847
369	74	71	105	2019-12-16 14:28:48.077
370	74	125	160	2019-12-16 14:28:48.093
371	74	9	4	2019-12-16 14:29:34.140
372	74	17	4	2019-12-16 14:29:34.157
373	74	64	1	2019-12-16 14:29:34.190
374	75	9	4	2019-12-16 14:30:58.660
375	75	12	268	2019-12-16 14:30:58.660
376	75	13	4.4	2019-12-16 14:30:58.660
377	75	17	4	2019-12-16 14:30:58.660
378	75	24	1	2019-12-16 14:30:58.660
379	75	64	1	2019-12-16 14:30:58.673
380	75	71	135	2019-12-16 14:30:58.673
381	75	125	195	2019-12-16 14:30:58.673
382	75	146	Caterpillar	2019-12-16 14:30:58.690
383	73	71	250	2019-12-16 14:31:28.873
384	76	9	6	2019-12-16 14:33:09.417
385	76	12	402	2019-12-16 14:33:09.417
386	76	13	6.6	2019-12-16 14:33:09.417
387	76	17	4	2019-12-16 14:33:09.417
388	76	24	1	2019-12-16 14:33:09.417
389	76	64	1	2019-12-16 14:33:09.433
390	76	71	350	2019-12-16 14:33:09.433
391	76	146	Caterpillar	2019-12-16 14:33:09.450
392	77	9	6	2019-12-16 14:38:22.767
393	77	13	7.2	2019-12-16 14:38:22.783
394	77	17	4	2019-12-16 14:38:22.783
395	77	24	1	2019-12-16 14:38:22.783
396	77	64	1	2019-12-16 14:38:22.783
397	77	71	175	2019-12-16 14:38:22.783
398	77	125	330	2019-12-16 14:38:22.783
399	77	146	Caterpillar	2019-12-16 14:38:22.783
400	78	9	6	2019-12-16 14:44:05.573
401	78	13	7	2019-12-16 14:44:05.590
402	78	24	1	2019-12-16 14:44:05.590
403	78	64	1	2019-12-16 14:44:05.590
404	78	71	216	2019-12-16 14:44:05.590
405	78	135	1	2019-12-16 14:44:05.620
406	78	146	Detroit Diesel	2019-12-16 14:44:05.620
407	79	9	8	2019-12-16 14:45:34.913
408	79	13	10.4	2019-12-16 14:45:34.930
409	79	17	4	2019-12-16 14:45:34.930
410	79	24	1	2019-12-16 14:45:34.947
411	79	64	2	2019-12-16 14:45:34.947
412	79	71	200	2019-12-16 16:03:31.917
413	79	125	250	2019-12-16 16:03:31.917
414	79	135	1	2019-12-16 14:45:34.993
415	79	146	Caterpillar	2019-12-16 14:45:35.010
416	29	12	893	2019-12-16 14:55:14.803
417	80	9	6	2019-12-16 14:57:21.180
418	80	12	928	2019-12-16 14:57:21.180
419	80	13	15.2	2019-12-16 14:57:21.197
420	80	24	1	2019-12-16 14:57:21.197
421	80	64	1	2019-12-16 14:57:21.197
422	80	71	435	2019-12-16 14:57:21.197
423	80	125	625	2019-12-16 14:57:21.197
424	80	146	Caterpillar	2019-12-16 14:57:21.197
425	81	9	6	2019-12-16 15:02:01.703
426	81	13	15.8	2019-12-16 15:02:01.703
427	81	24	1	2019-12-16 15:02:01.703
428	81	64	1	2019-12-16 15:02:01.703
429	81	71	575	2019-12-16 15:02:01.703
430	81	125	600	2019-12-16 15:02:01.703
431	81	146	Caterpillar	2019-12-16 15:02:01.720
432	82	9	6	2019-12-16 15:10:58.617
433	82	12	677.4	2019-12-16 15:10:58.617
434	82	17	4	2019-12-16 15:10:58.617
435	82	24	1	2019-12-16 15:10:58.630
436	82	64	1	2019-12-16 15:10:58.630
437	82	71	325	2019-12-16 15:10:58.630
438	82	125	450	2019-12-16 15:10:58.630
439	82	146	Caterpillar	2019-12-16 15:10:58.630
440	41	12	733	2020-07-01 11:19:55.937
441	83	9	6	2019-12-16 15:14:47.737
442	83	12	762.8	2019-12-16 15:14:47.737
443	83	64	1	2019-12-16 15:14:47.737
444	83	71	385	2019-12-16 15:14:47.737
445	83	125	520	2019-12-16 15:14:47.750
446	83	129	Turbocharged-Aftercooled (TA)	2019-12-16 15:14:47.750
447	83	146	Caterpillar	2019-12-16 15:14:47.767
448	30	125	800	2019-12-16 15:16:10.930
449	30	129	Turbocharged-Aftercooled (TA) or Series Turbocharged Aftercooled (TTA)	2019-12-16 15:16:10.930
450	84	9	6	2019-12-16 15:27:44.783
451	84	12	893.4	2019-12-16 15:27:44.783
452	84	17	4	2019-12-16 15:27:44.783
453	84	24	1	2019-12-16 15:27:44.783
454	84	64	1	2019-12-16 15:27:44.783
455	84	71	375	2019-12-16 15:27:44.797
456	84	125	465	2019-12-16 15:27:44.797
457	84	129	Turbocharged Aftercooled	2019-12-16 15:27:44.813
458	84	135	1	2019-12-16 15:27:44.813
459	84	146	Caterpillar	2019-12-16 15:27:44.813
460	85	9	8	2019-12-16 15:54:43.677
461	85	13	8.2	2019-12-16 15:54:43.677
462	85	17	4	2019-12-16 15:54:43.677
463	85	24	1	2019-12-16 15:54:43.677
464	85	64	2	2019-12-16 15:54:43.693
465	85	146	Detroit Diesel	2019-12-16 15:54:43.693
466	85	135	1	2019-12-16 15:54:59.107
467	60	64	2	2019-12-16 16:04:32.460
468	60	135	2	2019-12-16 16:04:32.477
469	86	9	8	2019-12-16 16:06:34.767
470	86	13	10.4	2019-12-16 16:06:34.767
471	86	17	4	2019-12-16 16:06:34.767
472	86	24	1	2019-12-16 16:06:34.767
473	86	64	2	2019-12-16 16:06:34.767
474	86	146	Caterpillar	2019-12-16 16:06:34.780
475	86	71	210	2019-12-16 16:07:15.390
476	86	125	435	2019-12-16 16:07:15.403
477	87	9	6	2019-12-16 16:16:44.063
478	87	13	8.3	2019-12-16 16:16:44.063
479	87	24	1	2019-12-16 16:16:44.063
480	87	64	1	2019-12-16 16:16:44.063
481	87	135	1	2019-12-16 16:16:44.063
482	87	146	Cummins	2019-12-16 16:16:44.080
483	88	9	6	2019-12-16 16:17:44.887
484	88	13	8.3	2019-12-16 16:17:44.903
485	88	24	1	2019-12-16 16:17:44.903
486	88	64	1	2019-12-16 16:17:44.903
487	88	129	Turbocharged-Aftercooled Diesel Engine	2019-12-16 16:17:44.903
488	88	135	1	2019-12-16 16:17:44.903
489	88	146	Cummins	2019-12-16 16:17:44.903
490	89	9	8	2019-12-16 16:25:10.960
491	89	13	8.2	2019-12-16 16:25:10.960
492	89	17	4	2019-12-16 16:25:10.977
493	89	24	1	2019-12-16 16:25:10.977
494	89	64	2	2019-12-16 16:25:10.977
495	89	129	Turbocharged-Aftercooled Diesel Engine	2019-12-16 16:25:10.977
496	89	135	1	2019-12-16 16:25:10.977
497	89	146	Detroit Diesel	2019-12-16 16:25:10.977
498	90	9	8	2019-12-17 08:55:09.720
499	90	13	6.5	2019-12-17 08:55:09.720
500	90	24	1	2019-12-17 08:55:09.720
501	90	64	2	2019-12-17 08:55:09.737
502	90	71	180	2019-12-17 08:55:09.737
503	90	125	215	2019-12-17 08:55:09.750
504	90	146	GM/DETROIT DIESEL	2019-12-17 08:55:09.750
505	91	9	8	2019-12-17 08:56:35.833
506	91	13	6.2	2019-12-17 08:56:35.847
507	91	24	1	2019-12-17 08:56:35.863
508	91	64	2	2019-12-17 08:56:35.880
509	91	71	130	2019-12-17 08:56:35.893
510	91	125	185	2019-12-17 08:56:35.910
511	91	146	GM / Detroit Diesel	2019-12-17 08:56:35.927
512	92	9	6	2019-12-17 09:08:08.650
513	92	13	6.7	2019-12-17 09:08:08.663
514	92	24	1	2019-12-17 09:08:08.663
515	92	64	1	2019-12-17 09:08:08.663
516	92	71	350	2019-12-17 09:08:08.663
517	92	125	400	2019-12-17 09:08:08.680
518	92	146	Cummins	2019-12-17 09:08:08.680
519	93	9	6	2019-12-17 09:10:14.497
520	93	13	5.9	2019-12-17 09:10:14.497
521	93	17	4	2019-12-17 09:10:14.497
522	93	24	1	2019-12-17 09:10:14.497
523	93	62	3	2019-12-17 09:10:14.497
524	93	64	1	2019-12-17 09:10:14.497
526	93	135	1	2019-12-17 09:10:14.510
527	93	146	Cummins	2019-12-17 09:10:14.527
536	95	9	6	2019-12-17 09:35:52.207
537	95	13	7.6	2019-12-17 09:35:52.223
538	95	17	4	2019-12-17 09:35:52.223
539	95	24	1	2019-12-17 09:35:52.223
540	95	64	1	2019-12-17 09:35:52.223
541	95	71	175	2019-12-17 09:35:52.223
542	95	125	250	2019-12-17 09:35:52.223
543	95	135	1	2019-12-17 09:35:52.223
544	95	146	Detroit Diesel	2019-12-17 09:35:52.237
545	96	9	6	2019-12-17 09:36:57.290
546	96	13	8.7	2019-12-17 09:36:57.290
547	96	17	4	2019-12-17 09:36:57.290
548	96	24	1	2019-12-17 09:36:57.290
549	96	64	1	2019-12-17 09:36:57.290
550	96	71	275	2019-12-17 09:36:57.290
551	96	125	330	2019-12-17 09:36:57.290
552	96	146	Detroit Diesel	2019-12-17 09:36:57.307
553	97	9	6	2019-12-17 10:14:37.183
554	97	13	12.7	2019-12-17 10:14:37.183
555	97	17	4	2019-12-17 10:14:37.183
556	97	24	1	2019-12-17 10:14:37.183
557	97	64	1	2019-12-17 10:14:37.183
558	97	71	380	2019-12-17 10:14:37.200
559	97	125	455	2019-12-17 10:14:37.200
560	97	129	Turbocharged, air-to-air intercooler	2019-12-17 10:14:37.200
561	97	135	1	2019-12-17 10:14:37.213
562	97	146	Detroit Diesel	2019-12-17 10:14:37.213
563	98	9	6	2019-12-17 10:15:55.010
564	98	13	11.1	2019-12-17 10:15:55.010
565	98	17	4	2019-12-17 10:15:55.010
566	98	24	1	2019-12-17 10:15:55.010
567	98	64	1	2019-12-17 10:15:55.010
568	98	71	250	2019-12-17 10:15:55.010
569	98	125	350	2019-12-17 10:15:55.027
570	98	129	Turbocharged, air-to-air intercooler	2019-12-17 10:15:55.027
571	98	135	1	2019-12-17 10:15:55.027
572	98	146	Detroit Diesel	2019-12-17 10:15:55.043
573	99	9	6	2019-12-17 10:16:55.057
574	99	13	14	2019-12-17 10:16:55.057
575	99	17	4	2019-12-17 10:16:55.057
576	99	24	1	2019-12-17 10:16:55.057
577	99	64	1	2019-12-17 10:16:55.057
578	99	71	425	2019-12-17 10:16:55.057
579	99	125	515	2019-12-17 10:16:55.057
580	99	129	Turbocharged, air-to-air intercooler	2019-12-17 10:16:55.073
581	99	135	1	2019-12-17 10:16:55.073
582	99	146	Detroit Diesel	2019-12-17 10:16:55.073
583	100	9	6	2019-12-17 15:33:39.960
584	100	13	5.9	2019-12-17 15:33:39.960
585	100	24	4	2019-12-17 15:33:39.960
586	100	71	195	2019-12-17 15:33:39.960
587	100	125	230	2019-12-17 15:33:39.973
588	100	146	Cummins	2019-12-17 15:33:39.973
589	101	9	6	2019-12-17 15:52:03.643
590	101	13	11.9	2019-12-17 15:52:03.657
591	101	24	1	2019-12-17 15:52:03.657
592	101	64	1	2019-12-17 15:52:03.673
593	101	146	Cummins	2019-12-17 15:52:03.673
594	101	71	310	2019-12-17 15:55:53.933
595	101	125	425	2019-12-17 15:55:53.933
596	102	9	6	2019-12-17 15:58:43.367
597	102	13	12	2019-12-17 15:58:43.367
598	102	24	1	2019-12-17 15:58:43.367
599	102	64	1	2019-12-17 15:58:43.380
600	102	71	385	2019-12-17 15:58:43.380
601	102	125	425	2019-12-17 15:58:43.380
602	102	146	Cummins	2019-12-17 15:58:43.380
603	103	9	6	2019-12-18 11:24:16.423
604	103	13	8.9	2019-12-18 11:24:16.423
605	103	24	1	2019-12-18 11:24:16.470
606	103	64	1	2019-12-18 11:24:16.470
607	103	71	260	2019-12-18 11:24:16.470
608	103	125	450	2019-12-18 11:24:16.470
609	103	146	Cummins	2019-12-18 11:24:16.487
610	104	9	6	2019-12-18 11:31:07.923
611	104	13	8.9	2019-12-18 11:31:07.940
612	104	17	4	2019-12-18 11:31:07.940
613	104	24	6	2019-12-18 11:31:07.940
614	104	64	1	2019-12-18 11:31:07.940
615	104	71	280	2019-12-18 11:31:07.957
616	104	125	320	2019-12-18 11:31:07.957
617	104	146	Cummins	2019-12-18 11:31:07.957
618	105	9	6	2019-12-18 12:17:50.747
619	105	13	8.1	2019-12-18 12:17:50.747
620	105	24	4	2019-12-18 12:17:50.747
621	105	71	205	2019-12-18 12:17:50.760
622	105	125	275	2019-12-18 12:17:50.760
623	105	146	JOHN DEERE	2019-12-18 12:17:50.760
624	106	9	6	2020-02-11 09:41:28.630
625	106	13	9.3	2020-02-11 09:41:28.643
626	106	17	4	2020-02-11 09:41:28.643
627	106	24	1	2020-02-11 09:41:28.660
628	106	64	1	2020-02-11 09:41:28.660
629	106	146	Navistar	2020-02-11 09:41:28.660
630	107	9	6	2020-02-11 09:42:36.567
631	107	13	9.3	2020-02-11 09:42:36.583
632	107	17	4	2020-02-11 09:42:36.600
633	107	24	1	2020-02-11 09:42:36.613
634	107	64	1	2020-02-11 09:42:36.630
635	107	146	Navistar	2020-02-11 09:42:36.660
636	108	9	5	2020-04-17 12:41:11.927
637	108	11	2319	2020-04-17 12:41:11.943
638	108	13	2.3	2020-04-17 12:41:11.943
639	108	24	4	2020-04-17 12:41:11.960
640	108	64	1	2020-04-17 12:41:11.960
641	109	9	5	2020-04-17 12:42:25.697
642	109	11	2319	2020-04-17 12:42:25.710
643	109	13	2.3	2020-04-17 12:42:25.710
644	109	24	4	2020-04-17 12:42:25.727
645	109	64	1	2020-04-17 12:42:25.743
646	109	146	Volvo	2020-04-17 12:43:34.393
647	108	146	Volvo	2020-04-17 12:43:50.283
648	110	9	5	2020-04-17 12:45:31.347
649	110	11	2435	2020-04-17 12:45:31.377
650	110	13	2.4	2020-04-17 12:45:31.423
651	110	24	4	2020-04-17 12:45:31.440
652	110	64	1	2020-04-17 12:45:31.487
653	110	146	Volvo	2020-04-17 12:45:31.533
654	111	9	5	2020-04-17 12:46:33.033
655	111	11	2435	2020-04-17 12:46:33.067
656	111	13	2.4	2020-04-17 12:46:33.097
657	111	24	4	2020-04-17 12:46:33.130
658	111	64	1	2020-04-17 12:46:33.160
659	111	146	Volvo	2020-04-17 12:46:33.207
660	112	9	6	2020-04-17 12:47:28.167
661	112	13	2.9	2020-04-17 12:47:28.180
662	112	24	4	2020-04-17 12:47:28.197
663	112	64	1	2020-04-17 12:47:28.213
664	112	146	Volvo	2020-04-17 12:47:28.227
665	113	9	6	2020-06-09 09:03:12.210
666	113	12	611	2020-06-09 09:03:12.210
667	113	13	10	2020-06-09 09:03:12.210
668	113	24	1	2020-06-09 09:03:12.227
669	113	64	1	2020-06-09 09:03:12.227
670	113	146	Cummins	2020-06-09 09:03:12.227
671	114	9	6	2020-06-30 14:04:14.540
672	114	13	5.9	2020-06-30 14:04:14.557
673	114	24	1	2020-06-30 14:04:14.570
674	114	64	1	2020-06-30 14:04:14.570
675	114	146	Cummins	2020-06-30 14:04:14.587
676	115	9	6	2020-06-30 14:07:31.170
677	115	12	402	2020-06-30 14:07:31.183
678	115	13	6.6	2020-06-30 14:07:31.183
679	115	24	1	2020-06-30 14:07:31.183
680	115	64	1	2020-06-30 14:07:31.200
681	115	71	205	2020-06-30 14:07:31.200
682	115	125	350	2020-06-30 14:07:31.200
683	115	146	Caterpillar	2020-06-30 14:07:31.200
684	116	9	6	2020-06-30 14:09:21.783
685	116	13	5.9	2020-06-30 14:09:21.783
686	116	17	4	2020-06-30 14:09:21.800
687	116	24	1	2020-06-30 14:09:21.800
688	116	64	1	2020-06-30 14:09:21.800
689	116	146	Cummins	2020-06-30 14:09:21.800
690	117	9	6	2020-06-30 14:11:52.500
691	117	13	8.3	2020-06-30 14:11:52.500
692	117	17	4	2020-06-30 14:11:52.500
693	117	24	1	2020-06-30 14:11:52.500
694	117	64	1	2020-06-30 14:11:52.513
695	117	135	1	2020-06-30 14:11:52.513
696	117	146	Cummins	2020-06-30 14:11:52.513
697	118	9	6	2020-06-30 14:12:35.680
698	118	13	8.3	2020-06-30 14:12:35.693
699	118	17	4	2020-06-30 14:12:35.710
700	118	24	1	2020-06-30 14:12:35.710
701	118	64	1	2020-06-30 14:12:35.710
702	118	135	1	2020-06-30 14:12:35.710
703	118	146	Cummins	2020-06-30 14:12:35.710
704	119	9	6	2020-06-30 14:17:40.093
705	119	13	5.9	2020-06-30 14:17:40.093
706	119	24	1	2020-06-30 14:17:40.110
707	119	64	1	2020-06-30 14:17:40.110
708	119	146	Cummins	2020-06-30 14:17:40.110
709	120	9	6	2020-06-30 14:19:20.340
710	120	13	8.3	2020-06-30 14:19:20.340
711	120	17	4	2020-06-30 14:19:20.340
712	120	24	1	2020-06-30 14:19:20.357
713	120	64	1	2020-06-30 14:19:20.357
714	120	146	Cummins	2020-06-30 14:19:20.357
715	121	9	6	2020-06-30 14:22:08.850
716	121	13	8.3	2020-06-30 14:22:08.867
717	121	24	1	2020-06-30 14:22:08.867
718	121	64	1	2020-06-30 14:22:08.867
719	121	146	Cummins	2020-06-30 14:22:08.867
720	122	9	6	2020-06-30 14:22:46.863
721	122	13	10	2020-06-30 14:22:46.897
722	122	24	1	2020-06-30 14:22:46.910
723	122	64	1	2020-06-30 14:22:46.927
724	122	146	Cummins	2020-06-30 14:22:46.943
725	123	9	6	2020-06-30 15:25:50.860
726	123	11	3471	2020-06-30 15:25:50.860
727	123	24	4	2020-06-30 15:25:50.860
728	123	71	286	2020-06-30 15:25:50.877
729	123	146	Honda	2020-06-30 15:25:50.877
730	123	64	2	2020-06-30 15:26:58.817
731	123	62	4	2020-06-30 15:28:28.890
732	124	9	6	2020-06-30 15:36:33.250
733	124	13	10.8	2020-06-30 15:36:33.250
734	124	17	4	2020-06-30 15:36:33.267
735	124	24	1	2020-06-30 15:36:33.267
736	124	64	1	2020-06-30 15:36:33.267
737	124	71	280	2020-06-30 15:36:33.267
738	124	122	2	2020-06-30 15:36:33.377
739	124	125	500	2020-06-30 15:36:33.393
740	124	146	Cummins	2020-06-30 15:36:33.393
741	125	9	6	2020-06-30 16:00:54.520
742	125	13	12.7	2020-06-30 16:00:54.520
743	125	17	4	2020-06-30 16:00:54.520
744	125	24	1	2020-06-30 16:00:54.520
745	125	64	1	2020-06-30 16:00:54.533
746	126	9	6	2020-06-30 16:11:06.607
747	126	12	855	2020-06-30 16:11:06.607
748	126	13	14	2020-06-30 16:11:06.607
749	126	17	4	2020-06-30 16:11:06.623
750	126	24	1	2020-06-30 16:11:06.623
751	126	64	1	2020-06-30 16:11:06.637
752	126	71	330	2020-06-30 16:11:06.637
753	126	125	500	2020-06-30 16:11:06.637
754	126	146	Cummins	2020-06-30 16:11:25.840
755	127	9	6	2020-07-01 09:52:51.533
756	127	13	8.3	2020-07-01 09:52:51.550
757	127	24	1	2020-07-01 09:52:51.550
758	127	64	1	2020-07-01 09:52:51.550
759	127	146	Cummins	2020-07-01 09:52:51.550
760	128	9	6	2020-07-01 11:11:00.777
761	128	13	12.7	2020-07-01 11:11:00.793
762	128	17	4	2020-07-01 11:11:00.793
763	128	24	1	2020-07-01 11:11:00.810
764	128	64	1	2020-07-01 11:11:00.823
765	129	9	6	2020-07-01 11:20:42.240
766	129	12	733	2020-07-01 11:20:42.240
767	129	17	4	2020-07-01 11:20:42.257
768	129	24	1	2020-07-01 11:20:42.270
769	129	64	1	2020-07-01 11:20:42.270
770	129	71	340	2020-07-01 11:20:42.270
771	129	125	490	2020-07-01 11:20:42.270
772	129	146	Caterpillar	2020-07-01 11:20:42.270
773	130	9	4	2020-07-01 11:26:59.123
774	130	13	8.5	2020-07-01 11:26:59.123
775	130	17	4	2020-07-01 11:26:59.123
776	130	24	1	2020-07-01 11:26:59.140
777	130	64	1	2020-07-01 11:26:59.140
778	130	71	250	2020-07-01 11:26:59.140
779	130	125	350	2020-07-01 11:26:59.157
780	130	146	Detroit Diesel	2020-07-01 11:26:59.157
781	131	9	4	2020-07-01 11:45:43.280
782	131	13	2.2	2020-07-01 11:45:43.293
783	131	24	4	2020-07-01 11:45:43.293
784	131	71	170	2020-07-01 11:45:43.293
785	131	146	GM	2020-07-01 11:45:43.293
786	131	62	2	2020-07-01 11:47:44.917
787	131	64	1	2020-07-01 11:47:44.933
788	131	67	3	2020-07-01 11:47:44.933
789	132	9	4	2020-07-01 11:59:19.293
790	132	12	134	2020-07-01 11:59:19.310
791	132	13	2.2	2020-07-01 11:59:19.323
792	132	24	4	2020-07-01 11:59:19.340
793	132	64	1	2020-07-01 11:59:19.357
794	132	146	GM	2020-07-01 11:59:19.370
795	133	9	4	2020-07-01 12:01:25.247
796	133	12	122	2020-07-01 12:01:25.247
797	133	13	2	2020-07-01 12:01:25.247
798	133	24	4	2020-07-01 12:01:25.247
799	133	64	1	2020-07-01 12:01:25.260
800	133	71	205	2020-07-01 12:01:25.277
801	133	146	GM	2020-07-01 12:01:25.277
802	134	9	6	2020-07-01 12:05:44.217
803	134	13	4	2020-07-01 12:05:44.217
804	134	17	4	2020-07-01 12:05:44.217
805	134	24	4	2020-07-01 12:05:44.217
806	134	62	2	2020-07-01 12:05:44.217
807	134	64	2	2020-07-01 12:05:44.233
808	134	122	2	2020-07-01 12:05:44.233
809	134	146	Toyota	2020-07-01 12:05:44.233
810	135	9	6	2020-07-01 12:08:27.567
811	135	13	3	2020-07-01 12:08:27.567
812	135	17	4	2020-07-01 12:08:27.567
813	135	24	4	2020-07-01 12:08:27.583
814	135	64	2	2020-07-01 12:08:27.583
815	135	71	184	2020-07-01 12:08:27.600
816	135	122	2	2020-07-01 12:08:27.600
817	135	125	217	2020-07-01 12:08:27.600
818	135	146	Toyota	2020-07-01 12:08:27.600
819	136	9	8	2020-07-01 12:12:59.890
821	136	24	4	2020-07-01 12:12:59.890
822	136	62	2	2020-07-01 12:12:59.890
823	136	64	2	2020-07-01 12:12:59.903
824	136	71	256	2020-07-01 12:12:59.903
825	136	125	300	2020-07-01 12:12:59.903
826	136	146	Toyota	2020-07-01 12:12:59.903
827	136	11	3969	2020-07-01 12:13:52.977
828	136	12	242.2	2020-07-01 12:13:52.993
829	136	13	4	2020-07-01 12:14:14.527
830	137	9	8	2020-07-01 12:17:15.687
831	137	11	4608	2020-07-01 12:17:15.720
832	137	13	4.6	2020-07-01 12:17:15.720
833	137	24	4	2020-07-01 12:17:15.720
834	137	64	2	2020-07-01 12:17:15.720
835	137	71	385	2020-07-01 12:17:15.733
836	137	146	Toyota	2020-07-01 12:17:15.750
837	138	9	4	2020-07-01 12:22:43.223
838	138	11	1794	2020-07-01 12:22:43.240
839	138	13	1.8	2020-07-01 12:22:43.240
840	138	24	4	2020-07-01 12:22:43.240
841	138	62	2	2020-07-01 12:22:43.253
842	138	64	1	2020-07-01 12:22:43.253
843	138	67	3	2020-07-01 12:22:43.253
844	138	146	Toyota	2020-07-01 12:22:43.253
845	139	9	6	2020-07-01 12:25:37.920
846	139	11	3456	2020-07-01 12:25:37.937
847	139	13	3.5	2020-07-01 12:25:37.937
848	139	24	4	2020-07-01 12:25:37.937
849	139	62	2	2020-07-01 12:25:37.937
850	139	64	2	2020-07-01 12:25:37.937
852	139	122	2	2020-07-01 12:25:37.950
854	139	146	Toyota	2020-07-01 12:25:37.950
855	140	9	4	2020-07-01 12:29:05.637
856	140	13	2.5	2020-07-01 12:29:05.637
857	140	24	4	2020-07-01 12:29:05.637
858	140	64	5	2020-07-01 12:29:05.637
859	140	135	2	2020-07-01 12:29:05.637
860	140	146	Subaru	2020-07-01 12:29:05.650
861	141	9	4	2020-07-01 15:12:10.023
862	141	11	2366	2020-07-01 15:12:10.040
863	141	13	2.4	2020-07-01 15:12:10.040
864	141	24	4	2020-07-01 15:12:10.040
865	141	62	4	2020-07-01 15:12:10.040
866	141	64	1	2020-07-01 15:12:10.053
867	141	122	2	2020-07-01 15:12:10.053
868	141	146	Toyota	2020-07-01 15:12:10.053
869	141	71	97	2020-07-01 15:13:17.163
870	142	9	4	2020-07-01 15:17:23.773
871	142	11	2366	2020-07-01 15:17:23.790
872	142	13	2.4	2020-07-01 15:17:23.790
873	142	24	4	2020-07-01 15:17:23.790
874	142	62	4	2020-07-01 15:17:23.803
875	142	64	1	2020-07-01 15:17:23.803
876	142	71	105	2020-07-01 15:17:23.803
877	142	122	2	2020-07-01 15:17:23.803
878	142	125	113	2020-07-01 15:17:23.803
879	142	146	Toyota	2020-07-01 15:17:23.820
880	141	125	109	2020-07-01 15:17:45.290
881	143	9	4	2020-07-01 15:35:15.617
882	143	11	2366	2020-07-01 15:35:15.633
883	143	13	2.4	2020-07-01 15:35:15.633
884	143	24	4	2020-07-01 15:35:15.650
885	143	64	1	2020-07-01 15:35:15.650
886	143	122	2	2020-07-01 15:35:15.650
887	143	146	Toyota	2020-07-01 15:35:15.650
888	144	9	4	2020-07-01 15:52:26.673
889	144	11	2362	2020-07-01 15:52:26.690
890	144	13	2.4	2020-07-01 15:52:26.690
891	144	24	4	2020-07-01 15:52:26.690
892	144	62	2	2020-07-01 15:52:26.690
893	144	64	1	2020-07-01 15:52:26.690
894	144	71	149	2020-07-01 15:52:26.707
895	144	122	2	2020-07-01 15:52:26.707
896	144	125	170	2020-07-01 15:52:26.707
898	146	9	6	2020-07-06 09:17:01.083
899	146	13	3.5	2020-07-06 09:17:01.100
900	146	17	4	2020-07-06 09:17:01.100
901	146	24	4	2020-07-06 09:17:01.100
902	146	62	2	2020-07-06 09:17:01.117
903	146	64	2	2020-07-06 09:17:01.117
904	146	146	Toyota	2020-07-06 09:17:01.130
905	145	9	4	2020-07-06 09:28:31.910
906	145	11	2438	2020-07-06 09:28:31.927
907	145	12	148.8	2020-07-06 09:28:31.927
908	145	13	2.4	2020-07-06 09:28:31.927
909	145	17	4	2020-07-06 09:28:31.927
910	145	24	4	2020-07-06 09:28:31.927
911	145	62	2	2020-07-06 09:28:31.943
912	145	64	1	2020-07-06 09:28:31.943
913	145	67	3	2020-07-06 09:28:31.943
914	145	71	142	2020-07-06 09:28:31.957
915	145	146	Toyota	2020-07-06 09:28:31.957
916	147	9	8	2020-07-06 09:32:58.260
917	147	11	4663	2020-07-06 09:32:58.260
918	147	12	284.55	2020-07-06 09:32:58.260
919	147	13	4.7	2020-07-06 09:32:58.277
920	147	17	4	2020-07-06 09:32:58.277
921	147	24	4	2020-07-06 09:32:58.277
922	147	62	2	2020-07-06 09:32:58.277
923	147	64	2	2020-07-06 09:32:58.277
924	147	67	4	2020-07-06 09:32:58.277
925	147	71	227	2020-07-06 09:32:58.307
926	147	122	2	2020-07-06 09:32:58.307
927	147	125	284	2020-07-06 09:32:58.307
928	147	146	Toyota	2020-07-06 09:32:58.307
929	148	9	8	2020-07-06 09:35:13.123
930	148	11	5663	2020-07-06 09:35:13.140
931	148	12	345.6	2020-07-06 09:35:13.153
932	148	13	5.7	2020-07-06 09:35:13.187
933	148	17	4	2020-07-06 09:35:13.200
934	148	24	10	2020-07-06 09:38:09.747
935	148	62	2	2020-07-06 09:35:13.200
936	148	64	2	2020-07-06 09:35:13.217
937	148	71	357	2020-07-06 09:38:58.597
938	148	146	Toyota	2020-07-06 09:35:13.217
939	148	67	4	2020-07-06 09:38:09.747
940	148	125	378	2020-07-06 09:38:58.610
941	149	9	8	2020-07-06 09:41:01.730
944	149	13	5.7	2020-07-06 09:41:01.747
946	149	24	4	2020-07-06 09:41:01.747
948	149	64	2	2020-07-06 09:41:01.760
953	150	9	6	2020-07-06 10:05:09.727
954	150	11	2997	2020-07-06 10:05:09.760
955	150	12	182.89	2020-07-06 10:05:09.760
956	150	13	3	2020-07-06 10:05:09.760
957	150	17	4	2020-07-06 10:05:09.773
958	150	24	4	2020-07-06 10:05:09.773
959	150	64	1	2020-07-06 10:05:09.773
960	150	67	3	2020-07-06 10:05:09.773
961	150	71	217	2020-07-06 10:05:09.773
962	150	125	227	2020-07-06 10:05:09.773
963	150	146	Toyota	2020-07-06 10:05:09.773
964	151	9	6	2020-07-06 10:09:06.717
965	151	11	2997	2020-07-06 10:09:06.717
966	151	12	182.9	2020-07-06 10:09:06.733
967	151	13	3	2020-07-06 10:09:06.733
968	151	17	4	2020-07-06 10:09:06.750
969	151	24	4	2020-07-06 10:09:06.750
970	151	62	2	2020-07-06 10:09:06.750
971	151	64	1	2020-07-06 10:09:06.750
972	151	71	276	2020-07-06 10:09:42.240
973	151	122	1	2020-07-06 10:09:06.750
974	151	125	320	2020-07-06 10:09:42.273
975	151	135	1	2020-07-06 10:09:06.763
976	151	146	Toyota	2020-07-06 10:09:06.763
977	152	9	4	2020-07-06 12:12:43.683
978	152	11	1995	2020-07-06 12:12:43.683
979	152	24	4	2020-07-06 12:15:22.977
980	152	64	1	2020-07-06 12:12:43.700
981	152	71	92	2020-07-06 12:12:43.700
982	152	125	107	2020-07-06 12:12:43.717
983	152	146	Toyota	2020-07-06 12:12:43.717
984	153	9	4	2020-07-06 12:21:20.963
985	153	11	2438	2020-07-06 12:21:20.980
986	153	13	2.4	2020-07-06 12:21:20.997
987	153	24	4	2020-07-06 12:21:20.997
988	153	62	2	2020-07-06 12:21:20.997
989	153	64	1	2020-07-06 12:21:20.997
990	153	71	133	2020-07-06 12:21:20.997
991	153	122	2	2020-07-06 12:21:20.997
992	153	125	158	2020-07-06 12:21:20.997
993	153	146	Toyota	2020-07-06 12:21:21.010
994	154	9	4	2020-07-06 13:16:14.100
995	154	11	2438	2020-07-06 13:16:14.100
996	154	13	2.4	2020-07-06 13:16:14.100
997	154	24	4	2020-07-06 13:16:14.100
998	154	62	2	2020-07-06 13:16:14.100
999	154	64	1	2020-07-06 13:16:14.100
1000	154	122	2	2020-07-06 13:16:14.117
1001	154	146	Toyota	2020-07-06 13:16:14.117
1002	155	9	4	2020-07-06 13:18:10.823
1003	155	11	2438	2020-07-06 13:18:10.840
1004	155	13	2.4	2020-07-06 13:18:10.840
1005	155	24	4	2020-07-06 13:18:10.840
1006	155	62	2	2020-07-06 13:18:10.840
1007	155	64	1	2020-07-06 13:18:10.840
1008	155	71	158	2020-07-06 13:18:10.840
1009	155	122	2	2020-07-06 13:18:10.840
1010	155	146	Toyota	2020-07-06 13:18:10.853
1011	154	71	133	2020-07-06 13:18:21.057
1012	156	9	6	2020-07-06 13:55:41.270
1013	156	11	2507	2020-07-06 13:55:41.270
1014	156	12	153	2020-07-06 13:55:41.270
1015	156	13	2.5	2020-07-06 13:55:41.270
1016	156	17	4	2020-07-06 13:55:41.270
1017	156	24	4	2020-07-06 13:55:41.270
1018	156	64	2	2020-07-06 13:55:41.287
1019	156	71	160	2020-07-06 13:55:41.287
1020	156	146	Toyota	2020-07-06 13:55:41.287
1021	157	9	4	2020-07-06 14:54:23.563
1022	157	11	1798	2020-07-06 14:54:23.580
1023	157	13	1.8	2020-07-06 14:54:23.580
1024	157	17	4	2020-07-06 14:54:23.580
1025	157	24	4	2020-07-06 14:54:23.580
1026	157	62	2	2020-07-06 14:54:23.597
1027	157	64	1	2020-07-06 14:54:23.610
1028	157	67	4	2020-07-06 14:54:23.610
1029	157	71	95	2020-07-06 14:54:23.610
1030	157	125	148	2020-07-06 14:54:23.610
1031	157	146	Toyota	2020-07-06 14:54:23.610
1032	158	9	4	2020-07-06 14:55:42.320
1033	158	11	1798	2020-07-06 14:55:42.320
1034	158	13	1.8	2020-07-06 14:55:42.320
1035	158	17	4	2020-07-06 14:55:42.337
1036	158	24	4	2020-07-06 14:55:42.383
1037	158	62	2	2020-07-06 14:55:42.383
1038	158	64	1	2020-07-06 14:55:42.383
1039	158	67	4	2020-07-06 14:55:42.383
1040	158	71	95	2020-07-06 14:55:42.400
1041	158	125	148	2020-07-06 14:55:42.400
1042	158	146	Toyota	2020-07-06 14:55:42.400
1043	159	9	4	2020-07-06 14:56:33.687
1044	159	11	1798	2020-07-06 14:56:33.687
1045	159	13	1.8	2020-07-06 14:56:33.703
1046	159	17	4	2020-07-06 14:56:33.703
1047	159	24	4	2020-07-06 14:56:33.703
1048	159	62	2	2020-07-06 14:56:33.813
1049	159	64	1	2020-07-06 14:56:33.813
1053	159	146	Toyota	2020-07-06 14:56:33.827
1054	144	146	Toyota	2020-07-06 15:36:48.050
1055	160	9	4	2020-07-06 15:52:14.203
1056	160	11	2693	2020-07-06 15:52:14.203
1057	160	12	164.3	2020-07-06 15:52:14.220
1058	160	13	2.7	2020-07-06 15:52:14.220
1059	160	24	4	2020-07-06 15:52:14.220
1060	160	62	2	2020-07-06 15:52:14.220
1061	160	64	1	2020-07-06 15:52:14.220
1062	160	71	150	2020-07-06 15:52:14.237
1063	160	122	2	2020-07-06 15:52:14.237
1064	160	146	Toyota	2020-07-06 15:52:14.237
1065	161	9	6	2020-07-06 15:56:12.837
1066	161	11	2958	2020-07-06 15:56:12.837
1067	161	13	3	2020-07-06 15:56:12.837
1068	161	24	4	2020-07-06 15:56:12.853
1069	161	62	4	2020-07-06 15:56:12.870
1070	161	64	2	2020-07-06 15:56:12.870
1071	161	71	145	2020-07-06 15:56:12.870
1072	161	122	2	2020-07-06 15:56:12.870
1073	161	125	150	2020-07-06 15:56:12.870
1074	161	146	Toyota	2020-07-06 15:56:12.883
1075	162	9	4	2020-07-06 16:41:38.837
1078	162	13	1.5	2020-07-06 16:43:49.020
1079	162	24	4	2020-07-06 16:41:38.837
1080	162	62	4	2020-07-06 16:41:38.837
1081	162	64	1	2020-07-06 16:41:38.853
1082	162	122	2	2020-07-06 16:41:38.853
1083	162	146	Toyota	2020-07-06 16:41:38.870
1084	163	9	4	2020-07-06 16:50:43.307
1085	163	11	1456	2020-07-06 16:50:43.320
1086	163	13	1.5	2020-07-06 16:50:43.320
1087	163	24	4	2020-07-06 16:50:43.320
1088	163	62	4	2020-07-06 16:50:43.320
1089	163	71	78	2020-07-06 16:50:43.337
1090	163	125	87	2020-07-06 16:50:43.337
1091	163	146	Toyota	2020-07-06 16:50:43.337
1092	164	9	4	2020-07-06 17:03:08.250
1093	164	13	2	2020-07-06 17:03:08.250
1094	164	24	4	2020-07-06 17:03:08.267
1095	164	64	1	2020-07-06 17:03:08.267
1096	164	146	Toyota	2020-07-06 17:03:08.267
1097	165	9	4	2020-07-06 17:06:02.593
1098	165	11	1998	2020-07-06 17:06:02.610
1099	165	13	2	2020-07-06 17:06:02.610
1100	165	17	4	2020-07-06 17:06:02.610
1101	165	24	4	2020-07-06 17:06:02.627
1102	165	62	2	2020-07-06 17:06:02.627
1103	165	64	1	2020-07-06 17:06:02.627
1104	165	146	Toyota	2020-07-06 17:06:02.640
1105	166	9	6	2020-07-06 17:09:49.407
1106	166	11	3310	2020-07-06 17:09:49.407
1107	166	13	3.3	2020-07-06 17:09:49.423
1108	166	24	4	2020-07-06 17:09:49.423
1109	166	62	2	2020-07-06 17:09:49.423
1110	166	64	2	2020-07-06 17:09:49.440
1111	166	146	Toyota	2020-07-06 17:09:49.440
1112	167	9	8	2020-07-06 17:48:20.713
1113	167	11	4292	2020-07-06 17:48:20.730
1114	167	13	4.3	2020-07-06 17:48:20.743
1115	167	24	4	2020-07-06 17:48:20.760
1116	167	62	2	2020-07-06 17:48:20.777
1117	167	64	2	2020-07-06 17:48:20.777
1118	167	67	3	2020-07-06 17:48:20.790
1119	167	122	2	2020-07-06 17:48:20.823
1120	167	146	Toyota	2020-07-06 17:48:20.840
1121	168	9	4	2020-07-07 10:19:57.193
1122	168	11	1587	2020-07-07 10:19:57.210
1123	168	13	1.6	2020-07-07 10:19:57.227
1124	168	24	4	2020-07-07 10:19:57.227
1125	168	64	1	2020-07-07 10:19:57.227
1126	168	146	Toyota	2020-07-07 10:19:57.227
1127	169	9	4	2020-07-07 10:23:26.013
1128	169	11	1587	2020-07-07 10:23:26.027
1129	169	13	1.6	2020-07-07 10:23:26.027
1130	169	24	4	2020-07-07 10:23:26.027
1131	169	62	2	2020-07-07 10:23:26.043
1132	169	64	1	2020-07-07 10:23:26.043
1133	169	146	Toyota	2020-07-07 10:23:26.060
1134	170	9	4	2020-07-07 10:42:53.757
1135	170	11	1587	2020-07-07 10:42:53.773
1136	170	24	4	2020-07-07 10:42:53.773
1137	170	62	2	2020-07-07 10:42:53.773
1138	170	64	1	2020-07-07 10:42:53.773
1139	170	146	Toyota	2020-07-07 10:42:53.790
1140	170	13	1.6	2020-07-07 10:43:18.597
1141	171	9	6	2020-07-07 11:07:01.213
1142	171	11	2499	2020-07-07 11:07:01.227
1143	171	13	2.5	2020-07-07 11:07:01.227
1144	171	24	4	2020-07-07 11:07:01.243
1145	171	62	2	2020-07-07 11:07:01.243
1146	171	64	2	2020-07-07 11:07:01.243
1147	171	71	236	2020-07-07 11:07:01.260
1148	171	122	2	2020-07-07 11:07:01.260
1149	171	125	317	2020-07-07 11:07:01.273
1150	171	146	Toyota	2020-07-07 11:07:01.273
1151	68	12	552	2020-07-07 11:29:23.637
1152	172	12	552	2020-07-07 11:33:51.457
1153	172	13	9	2020-07-07 11:33:51.457
1154	172	17	2	2020-07-07 11:33:51.473
1155	172	24	1	2020-07-07 11:33:51.473
1156	172	146	Detroit Diesel	2020-07-07 11:33:51.473
1157	172	9	6	2020-07-07 11:34:17.223
1158	172	64	2	2020-07-07 11:34:17.223
1159	172	71	270	2020-07-07 11:34:17.223
1160	172	125	335.00	2020-07-07 11:34:17.223
1161	173	9	4	2020-07-07 11:39:35.590
1162	173	11	1762	2020-07-07 11:39:35.603
1163	173	13	1.8	2020-07-07 11:39:35.603
1164	173	24	4	2020-07-07 11:39:35.603
1165	173	62	2	2020-07-07 11:39:35.603
1166	173	64	1	2020-07-07 11:39:35.603
1167	173	71	105	2020-07-07 11:39:35.620
1168	173	122	2	2020-07-07 11:39:35.637
1169	173	125	120	2020-07-07 11:39:35.637
1170	173	146	Toyota	2020-07-07 11:39:35.637
1171	174	9	6	2020-07-07 11:44:58.117
1172	174	11	3378	2020-07-07 11:44:58.117
1173	174	13	3.4	2020-07-07 11:44:58.133
1174	174	24	4	2020-07-07 11:44:58.147
1175	174	64	2	2020-07-07 11:44:58.147
1176	174	71	183	2020-07-07 11:44:58.163
1177	174	122	2	2020-07-07 11:44:58.180
1178	174	125	190	2020-07-07 11:44:58.180
1179	174	146	Toyota	2020-07-07 11:44:58.193
1180	175	9	4	2020-07-07 12:02:13.903
1181	175	11	1497	2020-07-07 12:02:13.903
1182	175	13	1.5	2020-07-07 12:02:13.903
1183	175	24	4	2020-07-07 12:02:13.903
1184	175	62	2	2020-07-07 12:02:13.920
1185	175	64	1	2020-07-07 12:02:13.937
1186	175	71	93	2020-07-07 12:02:13.937
1187	175	122	2	2020-07-07 12:02:13.937
1188	175	125	108	2020-07-07 12:02:13.937
1189	175	146	Toyota	2020-07-07 12:02:13.937
1190	176	9	4	2020-07-07 12:06:33.147
1191	176	11	1762	2020-07-07 12:06:33.163
1192	176	13	1.8	2020-07-07 12:06:33.177
1193	176	24	4	2020-07-07 12:06:33.193
1194	176	62	2	2020-07-07 12:06:33.223
1195	176	64	1	2020-07-07 12:06:33.223
1196	176	122	2	2020-07-07 12:06:33.223
1197	176	146	Toyota	2020-07-07 12:06:33.240
1198	177	9	4	2020-07-07 13:03:10.477
1199	177	11	2164	2020-07-07 13:03:10.477
1200	177	12	132.1	2020-07-07 13:03:10.477
1201	177	24	4	2020-07-07 13:03:10.477
1202	177	62	2	2020-07-07 13:03:10.477
1203	177	64	1	2020-07-07 13:03:10.493
1204	177	71	130	2020-07-07 13:03:10.493
1205	177	125	138	2020-07-07 13:03:10.510
1206	177	146	Toyota	2020-07-07 13:03:10.510
1207	178	9	6	2020-07-07 14:32:31.500
1208	178	11	2759	2020-07-07 14:32:31.513
1209	178	12	168.4	2020-07-07 14:32:31.513
1210	178	13	2.8	2020-07-07 14:32:31.513
1211	178	24	4	2020-07-07 14:32:31.513
1212	178	62	2	2020-07-07 14:32:31.530
1213	178	64	1	2020-07-07 14:32:31.547
1214	178	71	145	2020-07-07 14:32:31.547
1215	178	122	2	2020-07-07 14:32:31.547
1216	178	125	175	2020-07-07 14:32:31.547
1217	178	146	Toyota	2020-07-07 14:32:31.547
1218	179	9	6	2020-07-07 14:48:22.757
1219	179	11	2954	2020-07-07 14:48:22.773
1220	179	13	3	2020-07-07 14:48:22.773
1221	179	24	4	2020-07-07 14:48:22.773
1222	179	62	2	2020-07-07 14:48:22.773
1223	179	64	1	2020-07-07 14:48:22.773
1225	179	122	2	2020-07-07 14:48:22.773
1227	179	146	Toyota	2020-07-07 14:48:22.790
1228	180	9	6	2020-07-07 14:52:16.060
1229	180	11	2954.00	2020-07-07 14:52:16.060
1230	180	13	3	2020-07-07 14:52:16.060
1231	180	24	4	2020-07-07 14:52:16.060
1232	180	62	2	2020-07-07 14:52:16.060
1233	180	122	2	2020-07-07 14:52:16.077
1234	180	146	Toyota	2020-07-07 14:52:16.077
1235	180	64	1	2020-07-07 14:52:39.543
1238	181	9	6	2020-07-07 14:55:55.223
1239	181	13	3	2020-07-07 14:55:55.223
1240	181	24	4	2020-07-07 14:55:55.223
1241	181	62	2	2020-07-07 14:55:55.223
1242	181	64	1	2020-07-07 14:55:55.240
1244	181	122	2	2020-07-07 14:55:55.240
1245	181	146	Toyota	2020-07-07 14:55:55.240
1246	181	11	2954.00	2020-07-07 14:56:29.107
1247	182	9	4	2020-07-07 15:23:12.073
1248	182	11	2487	2020-07-07 15:23:12.073
1249	182	12	152	2020-07-07 15:23:12.073
1250	182	13	2.5	2020-07-07 15:23:12.073
1251	182	17	4	2020-07-07 15:23:12.073
1252	182	24	4	2020-07-07 15:23:12.087
1253	182	62	2	2020-07-07 15:23:12.103
1254	182	64	1	2020-07-07 15:23:12.120
1256	182	146	Toyota	2020-07-07 15:23:12.150
1257	183	9	6	2020-07-07 15:31:49.453
1258	183	13	3	2020-07-07 15:31:49.470
1259	183	24	4	2020-07-07 15:31:49.470
1260	183	64	2	2020-07-07 15:31:49.470
1261	183	71	380	2020-07-07 15:31:49.470
1262	183	146	Jaguar	2020-07-07 15:31:49.483
1263	184	9	12	2020-07-07 15:37:05.520
1264	184	13	5.9	2020-07-07 15:37:05.533
1265	184	24	4	2020-07-07 15:37:05.550
1266	184	62	2	2020-07-07 15:37:05.567
1267	184	64	2	2020-07-07 15:37:05.580
1268	184	67	3	2020-07-07 15:37:05.597
1269	184	146	Aston Martin	2020-07-07 15:37:05.613
1270	185	9	8	2020-07-07 15:39:35.877
1271	185	13	4.7	2020-07-07 15:39:35.877
1272	185	24	4	2020-07-07 15:39:35.893
1273	185	62	2	2020-07-07 15:39:35.893
1274	185	64	2	2020-07-07 15:39:35.893
1275	185	67	3	2020-07-07 15:39:35.910
1276	185	146	Aston Martin	2020-07-07 15:39:35.910
1277	186	9	8	2020-07-07 15:46:20.643
1278	186	13	4.7	2020-07-07 15:46:20.660
1279	186	21	320.7	2020-07-07 15:46:20.660
1280	186	24	4	2020-07-07 15:46:20.677
1281	186	64	2	2020-07-07 15:46:20.677
1282	186	146	Aston Martin	2020-07-07 15:46:20.677
1283	185	21	313.2	2020-07-07 15:46:38.653
1284	187	9	12	2020-07-07 15:47:52.870
1285	187	13	5.9	2020-07-07 15:47:52.883
1286	187	21	380.3	2020-07-07 15:47:52.883
1287	187	24	4	2020-07-07 15:47:52.883
1288	187	64	2	2020-07-07 15:47:52.883
1289	187	146	Aston Martin	2020-07-07 15:47:52.883
1290	188	9	12	2020-07-07 15:49:09.200
1291	188	13	5.9	2020-07-07 15:49:09.200
1292	188	21	422	2020-07-07 15:49:09.217
1293	188	24	4	2020-07-07 15:49:09.217
1294	188	64	2	2020-07-07 15:49:09.217
1295	188	146	Aston Martin	2020-07-07 15:49:09.230
1296	189	9	12	2020-07-07 15:49:59.420
1297	189	13	5.9	2020-07-07 15:49:59.420
1299	189	24	4	2020-07-07 15:49:59.437
1300	189	64	2	2020-07-07 15:49:59.437
1301	189	146	Aston Martin	2020-07-07 15:49:59.437
1302	190	9	12	2020-07-07 15:54:17.953
1303	190	13	5.9	2020-07-07 15:54:17.953
1304	190	24	4	2020-07-07 15:54:17.953
1305	190	64	2	2020-07-07 15:54:17.953
1306	190	146	Aston Martin	2020-07-07 15:54:17.953
1307	191	9	12	2020-07-07 15:55:26.280
1308	191	13	5.9	2020-07-07 15:55:26.280
1309	191	24	4	2020-07-07 15:55:26.297
1310	191	64	2	2020-07-07 15:55:26.297
1311	191	146	Aston Martin	2020-07-07 15:55:26.297
1312	192	9	12	2020-07-07 15:56:59.240
1313	192	13	5.9	2020-07-07 15:56:59.257
1314	192	24	4	2020-07-07 15:56:59.257
1315	192	64	2	2020-07-07 15:56:59.270
1316	192	146	Aston Martin	2020-07-07 15:56:59.270
1317	193	9	12	2020-07-07 15:57:31.927
1318	193	13	5.9	2020-07-07 15:57:31.927
1319	193	24	4	2020-07-07 15:57:31.927
1320	193	64	2	2020-07-07 15:57:31.927
1321	193	146	Aston Martin	2020-07-07 15:57:31.943
1322	194	9	12	2020-07-07 16:02:29.617
1323	194	13	5.2	2020-07-07 16:02:29.633
1324	194	24	4	2020-07-07 16:02:29.647
1325	194	64	2	2020-07-07 16:02:29.663
1326	194	146	 Aston Martin	2020-07-07 16:02:29.680
1327	195	24	1	2020-07-07 16:11:23.040
1328	195	146	Cummins	2020-07-07 16:11:23.040
1329	196	9	6	2020-07-07 16:18:14.883
1330	196	13	5.9	2020-07-07 16:18:14.883
1331	196	17	4	2020-07-07 16:18:14.900
1332	196	24	1	2020-07-07 16:18:14.900
1333	196	62	3	2020-07-07 16:18:14.900
1334	196	64	1	2020-07-07 16:18:14.900
1335	196	135	1	2020-07-07 16:18:14.900
1336	196	146	Cummins	2020-07-07 16:18:14.900
1337	93	71	325	2020-07-07 16:19:11.440
1339	197	9	4	2020-07-07 16:28:34.370
1340	197	11	1958	2020-07-07 16:28:34.400
1341	197	24	4	2020-07-07 16:28:34.417
1342	197	62	2	2020-07-07 16:28:34.417
1343	197	64	1	2020-07-07 16:28:34.430
1344	197	71	135	2020-07-07 16:28:34.447
1345	197	146	Honda	2020-07-07 16:28:34.463
1346	198	9	5	2020-07-07 16:38:15.677
1347	198	11	2435	2020-07-07 16:38:15.677
1348	198	13	2.4	2020-07-07 16:38:15.677
1349	198	24	4	2020-07-07 16:38:15.690
1350	198	64	1	2020-07-07 16:38:15.690
1351	198	71	168	2020-07-07 16:38:15.690
1352	198	146	Volvo	2020-07-07 16:38:15.690
1353	199	9	4	2020-07-08 11:39:39.287
1355	199	24	4	2020-07-07 16:43:13.733
1356	199	62	4	2020-07-08 11:39:39.303
1357	199	64	1	2020-07-07 16:43:13.750
1358	199	71	90	2020-07-08 11:39:39.303
1360	199	146	Honda	2020-07-08 11:39:39.320
1361	200	9	8	2020-07-07 16:49:43.313
1362	200	11	4414	2020-07-07 16:49:43.313
1363	200	13	4.4	2020-07-07 16:49:43.313
1364	200	24	4	2020-07-07 16:49:43.313
1365	200	62	2	2020-07-07 16:49:43.313
1366	200	64	2	2020-07-07 16:49:43.313
1367	200	71	311	2020-07-07 16:49:43.330
1368	200	122	2	2020-07-07 16:49:43.330
1369	200	125	641	2020-07-07 16:49:43.343
1370	200	146	Volvo	2020-07-07 16:49:43.343
1371	201	9	6	2020-07-07 16:53:30.640
1372	201	13	3	2020-07-07 16:53:30.657
1373	201	24	4	2020-07-07 16:53:30.673
1374	201	62	2	2020-07-07 16:53:30.673
1375	201	64	1	2020-07-07 16:53:30.673
1376	201	71	281	2020-07-07 16:53:30.673
1377	201	122	2	2020-07-07 16:53:30.673
1378	201	146	Volvo	2020-07-07 16:53:30.673
1379	202	9	5	2020-07-07 17:49:25.820
1380	202	11	2521	2020-07-07 17:49:25.820
1381	202	13	2.5	2020-07-07 17:49:25.820
1382	202	24	4	2020-07-07 17:49:25.833
1383	202	62	2	2020-07-07 17:49:25.833
1384	202	64	1	2020-07-07 17:49:25.850
1385	202	71	227	2020-07-07 17:49:25.850
1386	202	122	2	2020-07-07 17:49:25.850
1387	202	146	Volvo	2020-07-07 17:49:25.850
1388	203	9	5	2020-07-07 17:52:11.947
1389	203	11	2435	2020-07-07 17:52:11.947
1390	203	13	2.4	2020-07-07 17:52:11.947
1391	203	24	4	2020-07-07 17:52:11.947
1392	203	62	2	2020-07-07 17:52:11.947
1393	203	64	1	2020-07-07 17:52:11.947
1394	203	71	142	2020-07-07 17:52:11.947
1395	203	122	2	2020-07-07 17:52:11.963
1396	203	125	168	2020-07-07 17:52:11.963
1397	203	146	Volvo	2020-07-07 17:52:12.057
1398	204	9	5	2020-07-07 17:54:41.343
1399	204	11	2522	2020-07-07 17:54:41.343
1400	204	13	2.5	2020-07-07 17:54:41.357
1401	204	24	4	2020-07-07 17:54:41.373
1402	204	62	2	2020-07-07 17:54:41.390
1403	204	64	1	2020-07-07 17:54:41.403
1404	204	71	217	2020-07-07 17:54:41.403
1405	204	122	2	2020-07-07 17:54:41.420
1406	204	146	volvo	2020-07-07 17:54:41.437
1407	205	9	4	2020-07-07 17:56:45.110
1408	205	11	1948	2020-07-07 17:56:45.110
1409	205	13	1.9	2020-07-07 17:56:45.127
1410	205	24	4	2020-07-07 17:56:45.127
1411	205	62	2	2020-07-07 17:56:45.127
1412	205	64	1	2020-07-07 17:56:45.143
1413	205	71	170	2020-07-07 17:56:45.143
1414	205	122	2	2020-07-07 17:56:45.143
1415	205	146	Volvo	2020-07-07 17:56:45.143
1416	206	9	4	2020-07-07 17:58:12.850
1417	206	11	1948	2020-07-07 17:58:12.867
1418	206	13	1.9	2020-07-07 17:58:12.867
1419	206	24	4	2020-07-07 17:58:12.880
1420	206	62	2	2020-07-07 17:58:12.880
1421	206	64	1	2020-07-07 17:58:12.880
1422	206	71	158	2020-07-07 17:58:12.880
1423	206	122	2	2020-07-07 17:58:12.880
1424	206	146	Volvo	2020-07-07 17:58:12.880
1425	207	9	6	2020-07-08 09:43:52.113
1426	207	11	3192	2020-07-08 09:43:52.113
1427	207	13	3.2	2020-07-08 09:43:52.130
1428	207	24	4	2020-07-08 09:43:52.130
1429	207	62	2	2020-07-08 09:43:52.147
1430	207	64	1	2020-07-08 09:43:52.147
1431	207	71	235	2020-07-08 09:43:52.147
1432	207	122	2	2020-07-08 09:43:52.147
1433	207	146	Volvo	2020-07-08 09:43:52.147
1434	208	9	6	2020-07-08 09:50:08.917
1435	208	13	8.9	2020-07-08 09:50:08.917
1436	208	17	4	2020-07-08 09:50:08.917
1437	208	24	1	2020-07-08 09:50:08.930
1438	208	64	1	2020-07-08 09:50:08.930
1439	208	71	310	2020-07-08 09:50:08.947
1440	208	125	425	2020-07-08 09:50:08.947
1441	208	146	Cummins	2020-07-08 09:50:08.947
1442	209	9	6	2020-07-08 09:58:56.447
1443	209	11	2977	2020-07-08 09:58:56.447
1444	209	13	3	2020-07-08 09:58:56.447
1445	209	24	4	2020-07-08 09:58:56.447
1446	209	62	2	2020-07-08 09:58:56.447
1447	209	64	2	2020-07-08 09:58:56.447
1448	209	71	270	2020-07-08 09:58:56.477
1449	209	122	2	2020-07-08 09:58:56.477
1450	209	146	Acura (Honda)	2020-07-08 09:58:56.477
1451	210	9	4	2020-07-08 10:29:11.833
1452	210	11	1493	2020-07-08 10:29:11.833
1453	210	12	91.1	2020-07-08 10:29:11.833
1454	210	24	4	2020-07-08 10:29:11.833
1455	210	62	4	2020-07-08 10:29:11.850
1456	210	64	1	2020-07-08 10:29:11.850
1457	210	67	3	2020-07-08 10:29:11.850
1458	210	71	102	2020-07-08 10:29:11.850
1459	210	146	Honda	2020-07-08 10:29:11.850
1460	211	9	4	2020-07-08 10:31:21.290
1461	211	11	1590	2020-07-08 10:31:21.303
1462	211	12	97	2020-07-08 10:31:21.303
1463	211	24	4	2020-07-08 10:31:21.303
1464	211	64	1	2020-07-08 10:31:21.303
1465	211	146	Honda	2020-07-08 10:31:21.303
1466	212	9	4	2020-07-08 10:45:59.523
1467	212	11	1590	2020-07-08 10:45:59.523
1468	212	12	97	2020-07-08 10:45:59.523
1469	212	13	1.6	2020-07-08 10:45:59.537
1470	212	24	4	2020-07-08 10:45:59.537
1471	212	62	4	2020-07-08 10:45:59.537
1472	212	64	1	2020-07-08 10:45:59.537
1473	212	71	115	2020-07-08 10:45:59.553
1474	212	146	Honda	2020-07-08 10:45:59.553
1475	213	9	6	2020-07-08 11:18:32.317
1476	213	12	781	2020-07-08 11:18:32.363
1477	213	13	12.8	2020-07-08 11:18:32.380
1478	213	24	1	2020-07-08 11:18:32.393
1479	213	64	1	2020-07-08 11:18:32.393
1480	213	71	350	2020-07-08 11:18:32.410
1481	213	125	505	2020-07-08 11:18:32.427
1482	213	146	Detroit Diesel	2020-07-08 11:18:32.440
1483	214	9	4	2020-07-08 11:33:33.540
1484	214	11	1493	2020-07-08 11:33:33.557
1485	214	12	91.1	2020-07-08 11:33:33.557
1486	214	24	4	2020-07-08 11:33:33.557
1487	214	62	4	2020-07-08 11:33:33.557
1488	214	64	1	2020-07-08 11:33:33.573
1489	214	67	3	2020-07-08 11:33:33.573
1490	214	146	Honda	2020-07-08 11:33:33.573
1491	214	71	70	2020-07-08 11:36:21.733
1492	199	11	1493	2020-07-08 11:39:39.303
1493	199	12	91.1	2020-07-08 11:39:39.303
1494	199	67	3	2020-07-08 11:39:39.303
1495	215	9	6	2020-07-08 11:47:09.843
1496	215	13	12.8	2020-07-08 11:47:09.843
1497	215	24	1	2020-07-08 11:47:09.843
1498	215	64	1	2020-07-08 11:47:09.843
1499	215	71	700	2020-07-08 11:47:09.860
1500	215	146	Volvo	2020-07-08 11:47:09.860
1501	216	9	6	2020-07-08 11:48:43.327
1502	216	13	10.8	2020-07-08 11:48:43.327
1503	216	24	1	2020-07-08 11:48:43.327
1504	216	64	1	2020-07-08 11:48:43.340
1505	216	71	325	2020-07-08 11:48:43.340
1506	216	125	425	2020-07-08 11:48:43.340
1507	216	146	Volvo	2020-07-08 11:48:43.340
1508	217	9	4	2020-07-08 13:29:37.607
1509	217	11	1493	2020-07-08 13:29:37.620
1510	217	12	91.1	2020-07-08 13:29:37.620
1511	217	24	4	2020-07-08 13:29:37.620
1512	217	62	4	2020-07-08 13:29:37.637
1513	217	64	1	2020-07-08 13:29:37.637
1514	217	71	70	2020-07-08 13:29:37.637
1515	217	146	Honda	2020-07-08 13:29:37.637
1516	218	9	4	2020-07-08 13:30:32.220
1517	218	11	1493	2020-07-08 13:30:32.220
1518	218	12	91.1	2020-07-08 13:30:32.220
1519	218	24	4	2020-07-08 13:30:32.220
1520	218	62	4	2020-07-08 13:30:32.237
1521	218	64	1	2020-07-08 13:30:32.237
1522	218	71	92	2020-07-08 13:30:32.253
1523	218	146	Honda	2020-07-08 13:30:32.253
1524	219	9	4	2020-07-08 14:08:16.640
1525	219	11	1493	2020-07-08 14:08:16.653
1526	219	12	91.1	2020-07-08 14:08:16.653
1527	219	24	4	2020-07-08 14:08:16.653
1528	219	62	4	2020-07-08 14:08:16.653
1529	219	64	1	2020-07-08 14:08:16.653
1530	219	71	62	2020-07-08 14:08:16.653
1531	219	125	72	2020-07-08 14:08:16.670
1532	219	146	Honda	2020-07-08 14:08:16.670
1533	220	9	6	2020-07-08 14:35:22.600
1534	220	11	2383	2020-07-08 14:35:22.600
1535	220	13	2.4	2020-07-08 14:35:22.617
1536	220	24	1	2020-07-08 14:35:22.617
1537	220	62	4	2020-07-08 14:35:22.617
1538	220	64	1	2020-07-08 14:35:22.617
1539	220	122	2	2020-07-08 14:35:22.617
1540	220	146	Volvo	2020-07-08 14:35:22.617
1541	221	9	4	2020-07-08 17:53:46.993
1542	221	11	2156	2020-07-08 17:53:46.993
1543	221	13	2.2	2020-07-08 17:53:47.010
1544	221	24	4	2020-07-08 17:53:47.010
1545	221	62	4	2020-07-08 17:53:47.010
1546	221	64	1	2020-07-08 17:53:47.023
1547	221	71	125	2020-07-08 17:53:47.023
1548	221	146	Honda	2020-07-08 17:53:47.023
1549	222	9	4	2020-07-08 17:54:35.823
1550	222	11	2156	2020-07-08 17:54:35.823
1551	222	13	2.2	2020-07-08 17:54:35.823
1552	222	24	4	2020-07-08 17:54:35.823
1553	222	62	4	2020-07-08 17:54:35.840
1554	222	64	1	2020-07-08 17:54:35.840
1555	222	71	130	2020-07-08 17:54:35.840
1556	222	146	Honda	2020-07-08 17:54:35.857
1557	223	9	4	2020-07-09 12:10:33.237
1558	223	11	1991	2020-07-09 12:10:33.237
1559	223	13	2	2020-07-09 12:10:33.237
1560	223	24	4	2020-07-09 12:10:33.237
1561	223	64	1	2020-07-09 12:10:33.253
1562	223	122	2	2020-07-09 12:10:33.253
1563	223	146	Mazda	2020-07-09 12:10:33.253
1564	224	9	4	2020-07-09 12:41:39.197
1565	224	11	1598	2020-07-09 12:41:39.213
1566	224	13	1.6	2020-07-09 12:41:39.230
1567	224	24	4	2020-07-09 12:41:39.243
1568	224	62	2	2020-07-09 12:41:39.260
1569	224	64	1	2020-07-09 12:41:39.277
1570	224	71	105	2020-07-09 12:41:39.277
1571	224	122	2	2020-07-09 12:41:39.290
1572	224	146	Mazda	2020-07-09 12:41:39.307
1573	225	9	4	2020-07-09 12:46:21.933
1574	225	11	1998	2020-07-09 12:46:21.933
1575	225	13	2	2020-07-09 12:46:21.933
1576	225	24	4	2020-07-09 12:46:21.950
1577	225	62	4	2020-07-09 12:46:21.950
1578	225	64	1	2020-07-09 12:46:21.950
1579	225	122	2	2020-07-09 12:46:21.950
1580	225	146	Mazda	2020-07-09 12:46:21.950
1581	226	9	12	2020-07-09 13:02:35.843
1582	226	11	5474	2020-07-09 13:02:35.843
1583	226	13	5.5	2020-07-09 13:02:35.860
1584	226	24	4	2020-07-09 13:02:35.860
1585	226	62	2	2020-07-09 13:02:35.860
1586	226	64	2	2020-07-09 13:02:35.860
1587	226	71	478	2020-07-09 13:02:35.873
1588	226	122	2	2020-07-09 13:02:35.873
1589	226	146	Ferrari	2020-07-09 13:02:35.873
1590	227	9	6	2020-07-09 14:29:37.783
1591	227	11	3471	2020-07-09 14:29:37.800
1592	227	13	3.5	2020-07-09 14:29:37.800
1593	227	24	4	2020-07-09 14:29:37.800
1594	227	62	4	2020-07-09 14:29:37.817
1595	227	64	2	2020-07-09 14:29:37.830
1596	227	67	3	2020-07-09 14:29:37.830
1597	227	71	278	2020-07-09 14:29:37.830
1598	227	122	2	2020-07-09 14:29:37.847
1599	227	146	Honda	2020-07-09 14:29:37.847
1600	228	9	6	2020-07-09 14:44:22.110
1601	228	11	3471	2020-07-09 14:44:22.110
1602	228	13	3.5	2020-07-09 14:44:22.110
1603	228	24	4	2020-07-09 14:44:22.123
1604	228	62	4	2020-07-09 14:44:22.123
1605	228	64	2	2020-07-09 14:44:22.123
1606	228	71	278	2020-07-09 14:44:22.123
1607	228	146	Honda	2020-07-09 14:44:22.123
1608	229	9	6	2020-07-09 14:51:36.247
1609	229	13	8.9	2020-07-09 14:51:36.260
1610	229	17	4	2020-07-09 14:51:36.260
1611	229	24	17	2022-07-06 12:12:41.303
1612	229	64	1	2020-07-09 14:51:36.277
1613	229	71	250	2020-07-09 14:51:36.277
1614	229	125	320	2020-07-09 14:51:36.277
1615	229	146	Cummins	2020-07-09 14:51:36.277
1616	230	9	6	2020-07-09 15:03:37.213
1617	230	24	1	2020-07-09 15:03:37.213
1618	230	62	3	2020-07-09 15:03:37.213
1619	230	64	1	2020-07-09 15:03:37.213
1621	230	122	2	2020-07-09 15:03:37.230
1622	230	13	8.9	2020-07-09 15:11:20.057
1623	231	9	6	2020-07-09 15:26:16.073
1624	231	13	15	2020-07-09 15:26:16.073
1625	231	24	1	2020-07-09 15:26:16.073
1626	231	64	1	2020-07-09 15:26:16.073
1627	231	146	Cummins	2020-07-09 15:26:16.073
1628	232	9	6	2020-07-09 15:30:09.497
1629	232	11	3471	2020-07-09 15:30:09.513
1630	232	13	3.5	2020-07-09 15:30:09.513
1631	232	24	4	2020-07-09 15:30:09.543
1632	232	62	4	2020-07-09 15:30:09.560
1633	232	64	2	2020-07-09 15:30:09.577
1634	232	122	2	2020-07-09 15:30:09.577
1635	232	146	Honda	2020-07-09 15:30:09.590
1636	233	9	4	2020-07-09 15:43:28.040
1637	233	11	2157	2020-07-09 15:43:28.040
1638	233	13	2.2	2020-07-09 15:43:28.040
1639	233	24	4	2020-07-09 15:43:28.057
1640	233	62	2	2020-07-09 15:43:28.057
1641	233	64	1	2020-07-09 15:43:28.057
1642	233	71	187	2020-07-09 15:43:28.057
1643	233	122	2	2020-07-09 15:43:28.070
1644	233	146	Honda	2020-07-09 15:43:28.070
1645	234	9	4	2020-07-09 15:45:28.143
1646	234	11	2259	2020-07-09 15:45:28.160
1647	234	13	2.3	2020-07-09 15:45:28.160
1648	234	24	4	2020-07-09 15:45:28.160
1649	234	62	2	2020-07-09 15:45:28.160
1650	234	64	1	2020-07-09 15:45:28.177
1651	234	71	160	2020-07-09 15:45:28.177
1652	234	122	2	2020-07-09 15:45:28.177
1653	234	146	Honda	2020-07-09 15:45:28.177
1654	235	9	6	2020-07-09 15:54:08.710
1656	235	24	4	2020-07-09 15:54:08.710
1657	235	64	2	2020-07-09 15:54:08.727
1658	235	146	Mazda	2020-07-09 15:54:08.727
1659	235	13	3	2020-07-09 15:58:41.847
1660	236	9	4	2020-07-09 16:10:43.920
1661	236	13	2.4	2020-07-09 16:10:43.920
1662	236	17	4	2020-07-09 16:10:43.933
1663	236	24	4	2020-07-09 16:10:43.933
1664	236	62	2	2020-07-09 16:10:43.950
1665	236	64	1	2020-07-09 16:10:43.950
1666	236	67	3	2020-07-09 16:10:43.950
1667	236	71	190	2020-07-09 16:10:43.967
1668	236	125	201	2020-07-09 16:10:43.967
1669	236	146	Honda	2020-07-09 16:10:43.967
1670	237	9	4	2020-07-09 16:13:32.477
1671	237	11	2356	2020-07-09 16:13:32.477
1672	237	13	2.4	2020-07-09 16:13:32.477
1673	237	24	4	2020-07-09 16:13:32.493
1674	237	62	2	2020-07-09 16:13:32.493
1675	237	64	1	2020-07-09 16:13:32.493
1676	237	71	185	2020-07-09 16:13:32.510
1677	237	122	2	2020-07-09 16:13:32.510
1678	237	146	Honda	2020-07-09 16:13:32.510
1679	238	9	4	2020-07-09 16:17:54.243
1680	238	11	2389	2020-07-09 16:17:54.260
1681	238	13	2.4	2020-07-09 16:17:54.260
1682	238	17	4	2020-07-09 16:17:54.260
1683	238	24	4	2020-07-09 16:17:54.260
1684	238	62	2	2020-07-09 16:17:54.260
1685	238	64	1	2020-07-09 16:17:54.277
1686	238	71	155	2020-07-09 16:17:54.277
1687	238	146	Nissan	2020-07-09 16:17:54.277
1688	239	9	6	2020-07-09 16:20:46.123
1689	239	11	2497	2020-07-09 16:20:46.123
1690	239	13	2.5	2020-07-09 16:20:46.123
1691	239	24	4	2020-07-09 16:20:46.123
1692	239	62	2	2020-07-09 16:20:46.147
1693	239	64	2	2020-07-09 16:20:46.147
1694	239	122	2	2020-07-09 16:20:46.147
1695	239	146	Mazda	2020-07-09 16:20:46.160
1696	240	9	4	2020-07-09 16:25:03.813
1697	240	11	2354	2020-07-09 16:25:03.813
1698	240	13	2.4	2020-07-09 16:25:03.813
1699	240	24	4	2020-07-09 16:25:03.813
1700	240	62	2	2020-07-09 16:25:03.813
1701	240	64	1	2020-07-09 16:25:03.813
1702	240	71	201	2020-07-09 16:25:03.830
1703	240	122	2	2020-07-09 16:25:03.830
1704	240	125	205	2020-07-09 16:25:03.847
1705	240	146	Honda	2020-07-09 16:25:03.847
1706	241	9	4	2020-07-09 16:27:24.547
1707	241	11	1996	2020-07-09 16:27:24.547
1708	241	13	2	2020-07-09 16:27:24.563
1709	241	24	4	2020-07-09 16:27:24.563
1710	241	62	2	2020-07-09 16:27:24.563
1711	241	64	1	2020-07-09 16:27:24.563
1712	241	71	158	2020-07-09 16:27:24.563
1713	241	122	2	2020-07-09 16:27:24.563
1714	241	146	Honda	2020-07-09 16:27:24.563
1715	242	9	4	2020-07-09 16:30:09.973
1716	242	13	2.4	2020-07-09 16:30:09.973
1717	242	17	4	2020-07-09 16:30:09.973
1718	242	24	4	2020-07-09 16:30:09.973
1719	242	62	4	2020-07-09 16:30:09.973
1720	242	71	134	2020-07-09 16:30:09.990
1721	242	122	2	2020-07-09 16:30:09.990
1722	242	146	Nissan	2020-07-09 16:30:10.003
1723	243	9	4	2020-07-09 17:50:56.253
1724	243	13	2	2020-07-09 17:50:56.253
1725	243	24	4	2020-07-09 17:50:56.253
1726	243	62	2	2020-07-09 17:50:56.253
1727	243	64	1	2020-07-09 17:50:56.270
1728	243	71	260	2020-07-09 17:50:56.270
1729	243	135	1	2020-07-09 17:50:56.270
1730	243	146	GM	2020-07-09 17:50:56.270
1731	244	9	6	2020-07-09 17:55:40.607
1732	244	13	3.5	2020-07-09 17:55:40.607
1733	244	24	15	2020-07-09 17:55:40.607
1734	244	62	3	2020-07-09 17:55:40.607
1735	244	64	2	2020-07-09 17:55:40.607
1736	244	146	GM	2020-07-09 17:55:40.607
1737	244	67	4	2020-07-09 17:56:18.610
1738	245	9	6	2020-07-09 18:11:58.700
1739	245	11	3498	2020-07-09 18:11:58.717
1740	245	13	3.5	2020-07-09 18:11:58.717
1741	245	24	4	2020-07-09 18:11:58.717
1742	245	62	3	2020-07-09 18:11:58.717
1743	245	64	2	2020-07-09 18:11:58.730
1744	245	67	4	2020-07-09 18:11:58.730
1745	245	122	2	2020-07-09 18:11:58.747
1746	245	146	GM	2020-07-09 18:11:58.747
1749	246	24	4	2020-07-10 11:18:52.370
1752	246	9	6	2020-07-10 13:47:56.533
1753	246	13	3.4	2020-07-10 13:47:56.533
1754	246	64	2	2020-07-10 13:47:56.533
1755	246	122	2	2020-07-10 13:47:56.533
1756	246	146	GM	2020-07-10 13:47:56.533
1757	247	9	8	2020-07-10 13:57:53.120
1758	247	13	6	2020-07-10 13:57:53.120
1759	247	24	4	2020-07-10 13:57:53.120
1760	247	64	2	2020-07-10 13:57:53.120
1761	247	71	364	2020-07-10 13:57:53.120
1762	247	146	GM	2020-07-10 13:57:53.137
1763	248	9	8	2020-07-10 14:04:47.497
1764	248	13	6	2020-07-10 14:04:47.513
1765	248	24	4	2020-07-10 14:04:47.513
1766	248	64	2	2020-07-10 14:04:47.530
1767	248	146	GM	2020-07-10 14:04:47.560
1768	249	9	4	2020-07-10 14:15:38.970
1769	249	13	2.2	2020-07-10 14:15:38.970
1770	249	24	4	2020-07-10 14:15:38.983
1771	249	64	1	2020-07-10 14:15:38.983
1772	249	146	GM	2020-07-10 14:15:39.000
1773	250	9	8	2020-07-10 16:28:04.803
1774	250	13	6.2	2020-07-10 16:28:04.803
1775	250	24	4	2020-07-10 16:28:04.820
1776	250	64	2	2020-07-10 16:28:04.820
1777	250	146	GM	2020-07-10 16:28:04.820
1778	251	9	8	2020-07-10 16:29:55.137
1779	251	13	6.2	2020-07-10 16:29:55.137
1780	251	24	4	2020-07-10 16:29:55.137
1781	251	64	2	2020-07-10 16:29:55.137
1782	251	146	GM	2020-07-10 16:29:55.137
1783	252	9	8	2020-07-10 16:35:42.477
1784	252	13	6	2020-07-10 16:35:42.477
1785	252	24	4	2020-07-10 16:35:42.477
1786	252	64	2	2020-07-10 16:35:42.477
1787	252	146	Gm	2020-07-10 16:35:42.493
1788	252	62	3	2020-07-10 16:35:56.630
1789	253	9	8	2020-07-10 16:38:35.327
1790	253	13	7	2020-07-10 16:38:35.327
1791	253	24	4	2020-07-10 16:38:35.343
1792	253	64	2	2020-07-10 16:38:35.343
1793	253	146	GM	2020-07-10 16:38:35.343
1794	254	9	4	2020-07-10 16:46:43.450
1795	254	13	2.4	2020-07-10 16:46:43.450
1796	254	24	4	2020-07-10 16:46:43.450
1797	254	64	1	2020-07-10 16:46:43.450
1798	254	146	GM	2020-07-10 16:46:43.450
1799	255	9	6	2020-07-10 16:51:00.613
1800	255	13	3.5	2020-07-10 16:51:00.613
1801	255	24	4	2020-07-10 16:51:00.613
1802	255	62	3	2020-07-10 16:51:00.613
1803	255	64	2	2020-07-10 16:51:00.613
1804	255	122	2	2020-07-10 16:51:00.613
1805	255	146	GM	2020-07-10 16:51:00.630
1806	256	9	6	2020-07-10 16:53:12.863
1807	256	13	3.6	2020-07-10 16:53:12.880
1808	256	24	4	2020-07-10 16:53:12.893
1809	256	62	2	2020-07-10 16:53:12.910
1810	256	64	2	2020-07-10 16:53:12.910
1811	256	122	2	2020-07-10 16:53:12.927
1812	256	146	GM	2020-07-10 16:53:12.940
1813	257	9	6	2020-07-10 16:56:58.187
1814	257	13	3.9	2020-07-10 16:56:58.187
1815	257	24	4	2020-07-10 16:56:58.187
1816	257	64	2	2020-07-10 16:56:58.200
1817	257	122	2	2020-07-10 16:56:58.200
1818	257	146	GM	2020-07-10 16:56:58.200
1819	258	9	6	2020-07-13 11:14:25.447
1820	258	13	3.8	2020-07-13 11:14:25.463
1821	258	24	4	2020-07-13 11:14:25.463
1822	258	64	2	2020-07-13 11:14:25.463
1823	258	122	2	2020-07-13 11:14:25.463
1824	258	146	Buick	2020-07-13 11:14:25.463
1825	259	9	6	2020-07-13 11:17:19.590
1826	259	24	15	2020-07-13 11:17:19.603
1827	259	64	2	2020-07-13 11:17:19.603
1828	259	122	2	2020-07-13 11:17:19.603
1829	259	129	Gasoline, E85	2020-07-13 11:17:19.603
1830	259	146	GM	2020-07-13 11:17:19.620
1831	259	13	3.9	2020-07-13 11:18:05.480
1832	260	9	8	2020-07-13 11:21:21.550
1833	260	13	4.6	2020-07-13 11:21:21.550
1834	260	24	4	2020-07-13 11:21:21.567
1835	260	64	2	2020-07-13 11:21:21.567
1836	260	122	2	2020-07-13 11:21:21.567
1837	261	9	6	2020-07-13 11:32:21.980
1838	261	13	3.6	2020-07-13 11:32:21.993
1839	261	24	4	2020-07-13 11:32:21.993
1840	261	62	2	2020-07-13 11:32:21.993
1841	261	64	2	2020-07-13 11:32:21.993
1842	261	146	GM	2020-07-13 11:32:21.993
1843	262	9	8	2020-07-13 11:34:39.337
1844	262	13	4.6	2020-07-13 11:34:39.353
1845	262	24	4	2020-07-13 11:34:39.353
1846	262	62	2	2020-07-13 11:34:39.353
1847	262	64	2	2020-07-13 11:34:39.353
1848	263	9	8	2020-07-13 11:37:21.770
1849	263	13	6.2	2020-07-13 11:37:21.770
1850	263	24	4	2020-07-13 11:37:21.770
1851	263	64	2	2020-07-13 11:37:21.770
1852	264	9	8	2020-07-13 11:39:07.843
1853	264	13	4.6	2020-07-13 11:39:07.860
1854	264	24	4	2020-07-13 11:39:07.860
1855	264	62	2	2020-07-13 11:39:07.860
1856	264	64	2	2020-07-13 11:39:07.860
1857	264	122	2	2020-07-13 11:39:07.860
1858	265	9	8	2020-07-13 11:41:54.783
1859	265	13	6	2020-07-13 11:41:54.783
1860	265	24	4	2020-07-13 11:41:54.943
1861	265	64	2	2020-07-13 11:41:54.943
1862	266	9	8	2020-07-13 11:44:40.003
1863	266	13	4.8	2020-07-13 11:44:40.020
1864	266	24	4	2020-07-13 11:44:40.020
1865	266	64	2	2020-07-13 11:44:40.020
1866	267	9	6	2020-07-13 11:48:40.047
1867	267	13	4.3	2020-07-13 11:48:40.077
1868	267	24	4	2020-07-13 11:48:40.093
1869	267	62	3	2020-07-13 11:48:40.110
1870	267	64	2	2020-07-13 11:48:40.123
1871	267	122	2	2020-07-13 11:48:40.123
1872	268	9	5	2020-07-13 11:50:35.720
1873	268	13	3.5	2020-07-13 11:50:35.737
1874	268	24	4	2020-07-13 11:50:35.753
1875	268	62	2	2020-07-13 11:50:35.753
1876	268	64	1	2020-07-13 11:50:35.753
1877	268	146	GM	2020-07-13 11:50:35.753
1878	269	9	4	2020-07-13 11:54:23.983
1879	269	13	2.9	2020-07-13 11:54:23.997
1880	269	24	4	2020-07-13 11:54:23.997
1881	269	62	2	2020-07-13 11:54:23.997
1882	269	64	1	2020-07-13 11:54:23.997
1883	269	146	GM	2020-07-13 11:54:23.997
1884	270	9	5	2020-07-13 11:57:48.773
1885	270	13	3.7	2020-07-13 11:57:48.773
1886	270	24	4	2020-07-13 11:57:48.773
1887	270	62	2	2020-07-13 11:57:48.773
1888	270	64	1	2020-07-13 11:57:48.773
1889	270	122	2	2020-07-13 11:57:48.790
1890	270	146	GM	2020-07-13 11:57:48.790
1891	271	9	8	2020-07-13 12:00:24.750
1892	271	13	5.3	2020-07-13 12:00:24.767
1893	271	24	15	2020-07-13 12:00:24.767
1894	271	64	2	2020-07-13 12:00:24.783
1895	271	67	4	2020-07-13 12:00:24.783
1896	271	146	GM	2020-07-13 12:00:24.783
1897	272	9	6	2020-07-13 12:08:19.787
1898	272	13	2.5	2020-07-13 12:08:19.787
1899	272	24	4	2020-07-15 10:33:20.937
1900	272	62	2	2020-07-13 12:08:19.803
1901	272	64	2	2020-07-13 12:08:19.803
1902	272	67	3	2020-07-13 12:08:19.803
1903	272	146	GM	2020-07-13 12:08:19.803
1904	273	9	8	2020-07-14 10:58:21.430
1905	273	13	5.3	2020-07-14 10:58:21.430
1906	273	24	15	2020-07-14 10:58:21.430
1907	273	64	2	2020-07-14 10:58:21.430
1908	273	146	GM	2020-07-14 10:58:21.430
1909	274	9	8	2020-07-14 11:03:47.187
1910	274	13	5.3	2020-07-14 11:03:47.200
1911	274	24	4	2020-07-14 11:03:47.217
1912	274	62	3	2020-07-14 11:03:47.217
1913	274	64	2	2020-07-14 11:03:47.250
1914	274	122	2	2020-07-14 11:03:47.263
1915	275	9	8	2020-07-14 12:14:27.263
1916	275	13	8.1	2020-07-14 12:14:27.280
1917	275	24	4	2020-07-14 12:14:27.280
1918	275	64	2	2020-07-14 12:14:27.280
1919	275	146	GM	2020-07-14 11:25:45.907
1920	275	122	2	2020-07-14 12:14:27.280
1921	276	9	6	2020-07-14 12:21:44.590
1922	276	13	4.2	2020-07-14 12:21:44.607
1923	276	24	4	2020-07-14 12:21:44.607
1924	276	62	2	2020-07-14 12:21:44.620
1925	276	64	1	2020-07-14 12:21:44.637
1926	276	122	2	2020-07-14 12:21:44.653
1927	276	146	GM	2020-07-14 12:21:44.670
1928	277	9	8	2020-07-14 12:26:17.440
1929	277	13	5.3	2020-07-14 12:26:17.453
1930	277	24	15	2020-07-14 12:26:17.453
1931	277	64	2	2020-07-14 12:26:17.453
1932	277	146	GM	2020-07-14 12:26:17.453
1933	277	62	3	2020-07-14 12:26:57.753
1934	277	122	2	2020-07-14 12:26:57.770
1935	278	9	8	2020-07-14 12:30:39.100
1936	278	13	5.3	2020-07-14 12:30:39.100
1937	278	24	4	2020-07-14 12:30:39.100
1938	278	62	3	2020-07-14 12:30:39.100
1939	278	64	2	2020-07-14 12:30:39.100
1940	278	122	2	2020-07-14 12:30:39.117
1941	278	146	GM	2020-07-14 12:30:39.117
1942	279	9	8	2020-07-14 12:34:26.710
1943	279	13	6.2	2020-07-14 12:34:26.710
1944	279	24	15	2020-07-14 12:34:26.710
1945	279	62	3	2020-07-14 12:34:26.710
1946	279	64	2	2020-07-14 12:34:26.710
1947	279	67	4	2020-07-14 12:34:26.710
1948	279	122	2	2020-07-14 12:34:26.710
1949	279	146	GM	2020-07-14 12:34:26.727
1950	280	9	4	2020-07-15 09:00:23.767
1951	280	13	2	2020-07-15 09:00:23.783
1952	280	24	4	2020-07-15 09:00:23.783
1953	280	64	1	2020-07-15 09:00:23.783
1954	280	146	GM	2020-07-15 09:00:23.800
1955	280	122	2	2020-07-15 09:04:06.003
1956	282	9	6	2020-07-15 10:45:35.620
1957	282	13	3.8	2020-07-15 10:45:35.620
1958	282	24	4	2020-07-15 10:45:35.620
1959	282	62	3	2020-07-15 10:45:35.620
1960	282	64	2	2020-07-15 10:45:35.640
1961	282	122	2	2020-07-15 10:45:35.653
1962	282	146	Buick	2020-07-15 10:45:35.653
1963	283	9	4	2020-07-15 10:49:03.357
1964	283	13	1.5	2020-07-15 10:49:03.357
1965	283	24	4	2020-07-15 10:49:03.357
1966	283	62	2	2020-07-15 10:49:03.373
1967	283	64	1	2020-07-15 10:49:03.373
1968	283	146	Honda	2020-07-15 10:49:03.390
1969	284	9	4	2020-07-15 10:52:16.973
1970	284	13	1.6	2020-07-15 10:52:16.990
1971	284	24	4	2020-07-15 10:52:16.990
1972	284	62	2	2020-07-15 10:52:16.990
1973	284	64	1	2020-07-15 10:52:16.990
1974	284	146	GM	2020-07-15 10:52:16.990
1975	285	9	4	2020-07-15 11:10:11.020
1976	285	13	2.2	2020-07-15 11:10:11.037
1977	285	24	4	2020-07-15 11:10:11.050
1978	285	62	2	2020-07-15 11:10:11.067
1979	285	64	1	2020-07-15 11:10:11.100
1980	285	66	6	2020-07-15 11:10:11.113
1981	285	67	3	2020-07-15 11:10:11.130
1982	285	146	Chevrolet	2020-07-15 11:10:11.130
1983	286	9	4	2020-07-15 11:45:35.090
1984	286	13	2.4	2020-07-15 11:45:35.090
1985	286	24	15	2020-07-15 11:45:35.090
1986	286	64	1	2020-07-15 11:45:35.103
1987	286	129	E85 compatible	2020-07-15 11:45:35.103
1988	286	146	GM	2020-07-15 11:45:35.103
1989	287	9	4	2020-07-15 11:50:59.213
1990	287	13	1.8	2020-07-15 11:50:59.230
1991	287	24	4	2020-07-15 11:50:59.243
1992	287	64	1	2020-07-15 11:50:59.260
1993	288	9	12	2020-07-16 11:28:16.083
1994	288	13	6.5	2020-07-16 11:28:16.100
1995	288	24	4	2020-07-16 11:28:16.117
1996	288	64	2	2020-07-16 11:28:16.130
1997	288	122	2	2020-07-16 11:28:16.147
1998	288	146	Lamborghini	2020-07-16 11:28:16.147
1999	289	9	12	2020-07-16 11:30:44.540
2000	289	13	6.5	2020-07-16 11:30:44.553
2001	289	24	4	2020-07-16 11:30:44.570
2002	289	64	2	2020-07-16 11:30:44.570
2003	289	146	Lamborghini	2020-07-16 11:30:44.570
2004	290	9	8	2020-07-16 11:56:23.250
2005	290	13	4.7	2020-07-16 11:56:23.250
2006	290	24	4	2020-07-16 11:56:23.250
2007	290	64	2	2020-07-16 11:56:23.250
2008	290	146	Maseratti	2020-07-16 11:56:23.250
2009	291	9	8	2020-07-16 11:57:01.723
2010	291	13	4.7	2020-07-16 11:57:01.740
2011	291	24	4	2020-07-16 11:57:01.740
2012	291	64	2	2020-07-16 11:57:01.740
2013	291	146	Maseratti	2020-07-16 11:57:01.757
2014	292	9	8	2020-07-16 12:01:04.983
2015	292	13	4.7	2020-07-16 12:01:05.000
2016	292	24	4	2020-07-16 12:01:05.000
2017	292	64	2	2020-07-16 12:01:05.000
2018	292	71	454	2020-07-16 12:01:05.000
2019	292	146	Maserati	2020-07-16 12:01:05.017
2021	294	9	6	2020-07-16 12:07:04.277
2022	294	13	3	2020-07-16 12:07:04.277
2023	294	24	4	2020-07-16 12:07:04.277
2024	294	64	2	2020-07-16 12:07:04.277
2025	294	146	Maseratti	2020-07-16 12:07:04.277
2026	293	9	4	2020-07-16 12:30:32.127
2027	293	13	2.5	2020-07-16 12:30:32.127
2028	293	24	4	2020-07-16 12:30:32.127
2029	293	62	2	2020-07-16 12:30:32.127
2030	293	64	1	2020-07-16 12:30:32.143
2031	293	122	2	2020-07-16 12:30:32.143
2032	293	146	Nissan	2020-07-16 12:30:32.143
2033	295	9	6	2020-07-17 13:48:54.773
2034	295	13	12.9	2020-07-17 13:48:54.773
2035	295	17	4	2020-07-17 13:48:54.773
2036	295	24	1	2020-07-17 13:48:54.773
2037	295	64	1	2020-07-17 13:48:54.790
2038	295	146	PACCAR	2020-07-17 13:48:54.790
2039	296	9	4	2020-07-17 16:12:51.280
2040	296	13	2	2020-07-17 16:12:51.297
2041	296	17	4	2020-07-17 16:12:51.297
2042	296	24	4	2020-07-17 16:12:51.297
2044	296	64	1	2020-07-17 16:12:51.297
2045	296	146	Mazda	2020-07-17 16:12:51.297
2046	297	9	4	2020-07-20 12:37:31.643
2047	297	13	1.8	2020-07-20 12:37:31.660
2048	297	17	4	2020-07-20 12:37:31.660
2049	297	24	4	2020-07-20 12:37:31.673
2050	297	62	2	2020-07-20 12:37:31.673
2051	297	64	1	2020-07-20 12:37:31.673
2052	297	67	3	2020-07-20 12:37:31.673
2053	297	146	Nissan	2020-07-20 12:37:31.673
2054	298	9	4	2020-07-20 12:47:37.930
2055	298	13	2.5	2020-07-20 12:47:37.947
2056	298	24	4	2020-07-20 12:47:37.960
2058	298	64	1	2020-07-20 12:47:37.977
2059	298	122	2	2020-07-20 12:47:37.977
2060	298	146	Mazda	2020-07-20 12:47:37.993
2061	299	9	4	2020-07-20 12:49:24.167
2062	299	13	2.5	2020-07-20 12:49:24.180
2063	299	24	4	2020-07-20 12:49:24.197
2065	299	64	1	2020-07-20 12:49:24.230
2066	299	122	2	2020-07-20 12:49:24.243
2067	299	135	1	2020-07-20 12:49:24.260
2068	299	146	Mazda	2020-07-20 12:49:24.277
2069	300	9	4	2020-07-20 12:50:23.737
2070	300	13	2.5	2020-07-20 12:50:23.737
2071	300	24	4	2020-07-20 12:50:23.737
2072	300	62	2	2020-07-20 12:50:23.737
2073	300	64	1	2020-07-20 12:50:23.753
2074	300	122	2	2020-07-20 12:50:23.753
2075	300	146	Mazda	2020-07-20 12:50:23.770
2076	301	9	4	2020-07-20 15:24:19.377
2077	301	11	1997	2020-07-20 15:24:19.390
2078	301	12	121.9	2020-07-20 15:24:19.390
2079	301	24	4	2020-07-20 15:24:19.390
2080	301	62	4	2020-07-20 15:24:19.390
2081	301	64	1	2020-07-20 15:24:19.390
2082	301	122	2	2020-07-20 15:24:19.390
2083	301	146	Honda	2020-07-20 15:24:19.407
2084	302	9	6	2020-07-20 16:28:37.677
2085	302	13	3.5	2020-07-20 16:28:37.693
2086	302	24	4	2020-07-20 16:28:37.693
2087	302	62	2	2020-07-20 16:28:37.693
2088	302	64	2	2020-07-20 16:28:37.693
2089	302	146	Nissan	2020-07-20 16:28:37.693
2090	303	9	6	2020-07-20 16:44:05.710
2091	303	13	12.13	2020-07-20 16:49:21.813
2092	303	24	1	2020-07-20 16:44:05.723
2093	303	62	4	2020-07-20 16:49:21.813
2094	303	64	1	2020-07-20 16:49:21.813
2095	303	122	2	2020-07-20 16:44:05.723
2096	303	146	Volvo	2020-07-20 16:44:05.723
2097	303	17	4	2020-07-20 16:49:21.813
2098	304	9	6	2020-07-20 17:15:47.067
2099	304	13	6.7	2020-07-20 17:15:47.080
2100	304	24	1	2020-07-20 17:15:47.080
2101	304	146	Volvo	2020-07-20 17:15:47.080
2102	305	9	6	2020-07-20 17:27:40.250
2103	305	13	3	2020-07-20 17:27:40.250
2104	305	17	4	2020-07-20 17:27:40.280
2105	305	24	4	2020-07-20 17:27:40.280
2106	305	62	2	2020-07-20 17:27:40.280
2107	305	64	2	2020-07-20 17:27:40.280
2108	305	67	3	2020-07-20 17:27:40.280
2109	305	146	Nissan	2020-07-20 17:27:40.280
2110	306	9	6	2020-07-20 17:30:46.883
2111	306	13	3	2020-07-20 17:30:46.883
2112	306	24	4	2020-07-20 17:30:46.883
2113	306	64	2	2020-07-20 17:30:46.900
2114	306	146	Volvo	2020-07-20 17:30:46.900
2115	306	62	2	2020-07-20 17:33:38.630
2116	306	17	4	2020-07-20 17:33:38.630
2117	306	67	3	2020-07-20 17:33:38.630
2118	307	9	6	2020-07-20 17:35:49.660
2119	307	13	3	2020-07-20 17:35:49.677
2120	307	17	4	2020-07-20 17:35:49.677
2121	307	24	4	2020-07-20 17:35:49.677
2122	307	62	4	2020-07-20 17:35:49.677
2123	307	64	2	2020-07-20 17:35:49.693
2124	307	67	3	2020-07-20 17:35:49.693
2125	307	146	Volvo	2020-07-20 17:35:49.693
2126	308	9	8	2020-07-21 14:08:24.833
2127	308	11	4494	2020-07-21 14:08:24.833
2128	308	12	274.2	2020-07-21 14:08:24.833
2129	308	24	4	2020-07-21 14:08:24.833
2130	308	62	2	2020-07-21 14:08:24.850
2131	308	64	2	2020-07-21 14:08:24.850
2132	308	146	Nissan	2020-07-21 14:08:24.863
2133	309	9	6	2020-07-21 14:18:52.370
2134	309	13	3	2020-07-21 14:18:52.463
2135	309	24	4	2020-07-21 14:18:52.463
2136	309	64	2	2020-07-21 14:18:52.463
2137	309	146	Nissan	2020-07-21 14:18:52.463
2138	310	9	4	2020-07-21 17:35:29.297
2139	310	11	1971	2020-07-21 17:35:29.313
2140	310	24	4	2020-07-21 17:35:29.313
2141	310	64	1	2020-07-21 17:35:29.313
2142	311	9	6	2020-07-21 17:36:43.490
2143	311	13	2.8	2020-07-21 17:36:43.490
2144	311	24	4	2020-07-21 17:36:43.490
2145	311	64	2	2020-07-21 17:36:43.490
2146	311	11	2849	2020-07-21 17:38:37.443
2147	311	12	173.9	2020-07-21 17:38:37.443
2148	311	122	2	2020-07-21 17:38:37.443
2149	312	9	4	2020-07-21 17:40:56.047
2150	312	11	2165	2020-07-21 17:40:56.063
2151	312	24	4	2020-07-21 17:40:56.063
2152	312	62	4	2020-07-21 17:40:56.063
2153	312	64	1	2020-07-21 17:40:56.063
2154	312	122	2	2020-07-21 17:40:56.063
2155	312	12	132.116	2020-07-21 17:43:21.260
2156	312	13	2.2	2020-07-21 17:43:21.260
2157	312	146	Peugeot	2020-07-21 17:43:21.260
2158	313	9	4	2020-07-21 17:44:46.083
2159	313	13	1.9	2020-07-21 17:44:46.083
2160	313	24	4	2020-07-21 17:44:46.083
2161	313	62	2	2020-07-21 17:44:46.083
2162	313	64	1	2020-07-21 17:44:46.083
2163	313	122	2	2020-07-21 17:44:46.083
2164	313	146	Peugeot	2020-07-21 17:44:46.100
2165	314	9	4	2020-07-21 17:45:40.270
2166	314	13	2.3	2020-07-21 17:45:40.270
2167	314	24	1	2020-07-21 17:45:40.283
2168	314	64	1	2020-07-21 17:45:40.283
2169	314	135	1	2020-07-21 17:45:40.283
2170	314	146	Peugeot	2020-07-21 17:45:40.283
2171	315	9	4	2020-07-21 17:46:24.513
2172	315	11	2155	2020-07-21 17:46:24.513
2173	315	24	4	2020-07-21 17:46:24.530
2174	315	64	1	2020-07-21 17:46:24.530
2175	316	9	4	2020-07-21 17:47:20.353
2176	316	11	2498	2020-07-21 17:47:20.370
2177	316	13	2.5	2020-07-21 17:47:20.370
2178	316	24	1	2020-07-21 17:47:20.370
2179	316	64	1	2020-07-21 17:47:20.383
2180	316	135	1	2020-07-21 17:47:20.383
2181	317	9	4	2020-07-21 17:48:21.163
2182	317	11	2155	2020-07-21 17:48:21.180
2183	317	13	2.1	2020-07-21 17:48:21.180
2184	317	24	4	2020-07-21 17:48:21.180
2185	317	64	1	2020-07-21 17:48:21.180
2186	317	135	1	2020-07-21 17:48:21.180
2187	318	9	4	2020-07-21 17:52:39.840
2188	318	11	1905	2020-07-21 17:52:39.857
2189	318	13	1.9	2020-07-21 17:52:39.857
2190	318	24	4	2020-07-21 17:52:39.857
2191	318	62	2	2020-07-21 17:52:39.873
2192	318	64	1	2020-07-21 17:52:39.873
2193	318	71	123	2020-07-21 17:52:39.890
2194	318	122	2	2020-07-21 17:52:39.890
2195	249	12	133.6	2020-07-21 17:55:57.910
2201	320	9	4	2021-08-25 13:16:31.193
2202	320	11	2466	2021-08-25 13:16:31.213
2203	320	13	2.4	2021-08-25 13:16:31.230
2204	320	24	1	2021-08-25 13:16:31.377
2205	320	62	4	2021-08-25 13:16:31.397
2206	320	64	1	2021-08-25 13:16:31.413
2207	320	122	2	2021-08-25 13:16:31.430
2208	320	146	Toyota	2021-08-25 13:16:31.447
2209	321	9	5	2021-09-07 15:02:32.437
2210	321	13	2.3	2021-09-07 15:02:32.460
2211	321	24	4	2021-09-07 15:02:32.473
2212	321	64	1	2021-09-07 15:02:32.483
2213	321	135	1	2021-09-07 15:02:32.617
2214	321	146	Volvo	2021-09-07 15:02:32.630
2215	322	9	4	2021-09-07 15:05:03.887
2216	322	11	2316	2021-09-07 15:05:03.900
2217	322	24	4	2021-09-07 15:05:03.913
2218	322	64	1	2021-09-07 15:05:03.927
2219	322	71	116	2021-09-07 15:05:03.940
2220	322	146	Volvo	2021-09-07 15:05:04.100
2221	323	9	4	2021-09-07 15:06:37.047
2222	323	11	2316	2021-09-07 15:06:37.063
2223	323	24	4	2021-09-07 15:06:37.200
2224	323	64	1	2021-09-07 15:06:37.213
2225	323	146	Volvo	2021-09-07 15:06:37.227
2226	324	9	4	2021-09-07 15:08:08.347
2227	324	11	2316	2021-09-07 15:08:08.363
2228	324	24	4	2021-09-07 15:08:08.507
2229	324	64	1	2021-09-07 15:08:08.520
2230	324	71	116	2021-09-07 15:08:08.533
2231	324	146	Volvo	2021-09-07 15:08:08.547
2232	325	9	5	2021-09-09 17:00:16.940
2233	325	11	2435	2021-09-09 17:00:16.980
2234	325	13	2.4	2021-09-09 17:00:17.000
2235	325	24	4	2021-09-09 17:00:17.020
2236	325	62	2	2021-09-09 17:00:17.040
2237	325	64	1	2021-09-09 17:00:17.070
2238	325	146	Volvo	2021-09-09 17:00:17.307
2239	326	9	6	2021-09-14 10:35:28.790
2240	326	11	2922	2021-09-14 10:35:28.817
2241	326	13	2.9	2021-09-14 10:35:28.950
2242	326	24	4	2021-09-14 10:35:28.967
2243	326	64	1	2021-09-14 10:35:28.980
2244	326	71	196	2021-09-14 10:35:28.993
2245	326	146	Volvo	2021-09-14 10:35:29.007
2246	327	9	6	2021-09-14 10:40:27.240
2247	327	11	2783	2021-09-14 10:40:27.260
2248	327	13	2.8	2021-09-14 10:40:27.283
2249	327	24	4	2021-09-14 10:40:28.157
2250	327	64	1	2021-09-14 10:40:28.177
2251	327	135	1	2021-09-14 10:40:28.483
2252	327	146	Volvo	2021-09-14 10:40:28.503
2253	328	9	5	2021-09-14 10:42:07.280
2254	328	11	2319	2021-09-14 10:42:07.293
2255	328	13	2.3	2021-09-14 10:42:07.310
2256	328	24	4	2021-09-14 10:42:07.327
2257	328	64	1	2021-09-14 10:42:07.343
2258	328	71	247	2021-09-14 10:42:07.867
2259	328	135	1	2021-09-14 10:42:07.883
2260	329	9	4	2021-09-14 10:44:41.607
2261	329	11	1948	2021-09-14 10:44:41.620
2262	329	13	1.9	2021-09-14 10:44:41.637
2263	329	24	4	2021-09-14 10:44:41.650
2264	329	64	1	2021-09-14 10:44:41.663
2265	329	71	158	2021-09-14 10:44:41.677
2266	329	146	Volvo	2021-09-14 10:44:41.690
2267	330	9	4	2022-01-05 12:13:34.967
2268	330	12	119	2022-01-05 12:13:34.990
2269	330	17	4	2022-01-05 12:13:35.003
2270	330	24	4	2022-01-05 12:13:35.020
2271	330	62	4	2022-01-05 12:13:35.033
2272	330	64	1	2022-01-05 12:13:35.047
2273	330	146	Honda	2022-01-05 12:13:35.197
2274	331	9	4	2022-01-05 12:14:22.843
2275	331	12	119	2022-01-05 12:14:22.857
2276	331	17	4	2022-01-05 12:14:22.870
2277	331	24	4	2022-01-05 12:14:22.883
2278	331	62	4	2022-01-05 12:14:22.897
2279	331	64	1	2022-01-05 12:14:22.910
2280	331	146	Honda	2022-01-05 12:14:22.927
2281	332	9	4	2022-01-05 12:17:05.493
2282	332	12	112	2022-01-05 12:17:05.507
2283	332	24	4	2022-01-05 12:17:05.520
2284	332	146	Honda	2022-01-05 12:17:05.533
2285	333	9	4	2022-01-05 12:34:50.687
2286	333	13	2	2022-01-05 12:34:50.700
2287	333	24	4	2022-01-05 12:34:50.713
2288	333	64	1	2022-01-05 12:34:50.727
2289	333	146	Honda	2022-01-05 12:34:50.740
2290	334	9	4	2022-01-05 12:35:47.040
2291	334	13	2	2022-01-05 12:35:47.053
2292	334	24	4	2022-01-05 12:35:47.067
2293	334	64	1	2022-01-05 12:35:47.080
2294	334	146	Hond	2022-01-05 12:35:47.093
2295	335	9	4	2022-01-05 16:11:10.530
2296	335	12	91	2022-01-05 16:11:10.547
2297	335	24	4	2022-01-05 16:11:10.563
2298	335	62	4	2022-01-05 16:11:10.580
2299	335	64	1	2022-01-05 16:11:10.590
2300	335	146	Honda	2022-01-05 16:11:10.607
2301	336	9	4	2022-01-05 16:53:06.377
2302	336	11	1488	2022-01-05 16:53:06.393
2303	336	24	4	2022-01-05 16:53:06.407
2304	336	62	4	2022-01-05 16:53:06.420
2305	336	64	1	2022-01-05 16:53:06.437
2306	336	146	Honda	2022-01-05 16:53:06.570
2307	337	9	4	2022-01-05 17:02:41.620
2308	337	13	1.3	2022-01-05 17:02:41.637
2309	337	24	4	2022-01-05 17:02:41.657
2310	337	146	Honda	2022-01-05 17:02:41.810
2311	338	9	6	2022-01-31 14:18:09.847
2312	338	13	7	2022-01-31 14:18:09.873
2313	338	24	1	2022-01-31 14:18:09.887
2314	338	64	2	2022-01-31 14:18:09.900
2315	338	135	1	2022-01-31 14:18:09.927
2316	338	146	Detroit Diesel	2022-01-31 14:18:09.953
2317	339	9	4	2022-01-31 14:43:38.610
2318	339	13	3.9	2022-01-31 14:43:38.623
2319	339	24	1	2022-01-31 14:43:38.640
2320	339	64	1	2022-01-31 14:43:38.813
2321	339	146	Cummins	2022-01-31 14:43:38.837
2322	340	9	4	2022-01-31 14:44:27.850
2323	340	13	3.9	2022-01-31 14:44:27.863
2324	340	24	1	2022-01-31 14:44:27.877
2325	340	64	1	2022-01-31 14:44:27.890
2326	340	135	1	2022-01-31 14:44:27.907
2327	340	146	Cummins	2022-01-31 14:44:27.920
2328	339	135	1	2022-01-31 14:44:53.960
2329	341	9	6	2022-01-31 15:46:47.273
2330	341	13	14	2022-01-31 15:46:47.290
2331	341	24	1	2022-01-31 15:46:47.427
2332	341	64	1	2022-01-31 15:46:47.450
2333	341	146	Cummins	2022-01-31 15:46:47.467
2334	342	9	6	2022-02-01 13:34:24.063
2335	342	12	552.00	2022-02-01 13:34:24.087
2336	342	13	9	2022-02-01 13:34:24.103
2337	342	17	2	2022-02-01 13:34:24.117
2338	342	24	1	2022-02-01 13:34:24.133
2339	342	64	2	2022-02-01 13:34:24.147
2340	342	71	253	2022-02-01 13:34:24.160
2341	342	125	400	2022-02-01 13:34:24.173
2342	342	135	1	2022-02-01 13:34:24.327
2343	342	146	Detroit Diesel	2022-02-01 13:34:24.340
2344	343	9	8	2022-02-01 13:35:45.237
2345	343	13	12.1	2022-02-01 13:35:45.250
2346	343	17	2	2022-02-01 13:35:45.270
2347	343	24	1	2022-02-01 13:35:45.287
2348	343	64	2	2022-02-01 13:35:45.303
2349	343	71	253	2022-02-01 13:35:45.320
2350	343	125	400	2022-02-01 13:35:45.333
2351	343	135	1	2022-02-01 13:35:45.347
2352	343	146	Detroit Diesel	2022-02-01 13:35:45.483
2353	344	9	6	2022-03-29 16:09:41.220
2354	344	13	10.5	2022-03-29 16:09:41.240
2355	344	17	4	2022-03-29 16:09:41.257
2356	344	24	1	2022-03-29 16:09:41.267
2357	344	64	1	2022-03-29 16:09:41.280
2358	344	135	1	2022-03-29 16:09:41.293
2359	344	146	Caterpillar	2022-03-29 16:09:41.430
2360	345	9	6	2022-03-29 16:11:40.520
2361	345	12	893	2022-03-29 16:11:40.533
2362	345	13	14.6	2022-03-29 16:11:40.550
2363	345	17	4	2022-03-29 16:11:40.567
2364	345	24	1	2022-03-29 16:11:40.580
2365	345	64	1	2022-03-29 16:11:40.597
2366	345	71	355	2022-03-29 16:11:40.610
2367	345	125	625	2022-03-29 16:11:40.747
2368	345	135	1	2022-03-29 16:11:40.763
2369	345	146	Caterpillar	2022-03-29 16:11:40.780
2370	346	9	8	2022-03-29 16:16:24.520
2371	346	13	18	2022-03-29 16:16:24.533
2372	346	24	1	2022-03-29 16:16:24.550
2373	346	71	440	2022-03-29 16:16:24.560
2374	346	125	520	2022-03-29 16:16:24.577
2375	346	146	Caterpillar	2022-03-29 16:16:24.590
2376	347	9	8	2022-03-29 16:17:31.237
2377	347	13	18	2022-03-29 16:17:31.253
2378	347	24	1	2022-03-29 16:17:31.280
2379	347	71	440	2022-03-29 16:17:31.303
2380	347	125	520	2022-03-29 16:17:31.320
2381	347	135	1	2022-03-29 16:17:31.340
2382	347	146	Caterpillar	2022-03-29 16:17:31.353
2383	78	17	2	2022-03-29 16:26:09.480
2384	348	9	12	2022-03-29 16:35:24.043
2385	348	13	14	2022-03-29 16:35:24.180
2386	348	17	2	2022-03-29 16:35:24.197
2387	348	24	1	2022-03-29 16:35:24.210
2388	348	64	2	2022-03-29 16:35:24.223
2389	348	71	450	2022-03-29 16:35:24.237
2390	348	135	1	2022-03-29 16:35:24.250
2391	348	146	Detroit Diesel	2022-03-29 16:35:24.263
2392	349	9	12	2022-03-29 16:36:23.403
2393	349	13	14	2022-03-29 16:36:23.417
2394	349	17	2	2022-03-29 16:36:23.430
2395	349	24	1	2022-03-29 16:36:23.443
2396	349	64	2	2022-03-29 16:36:23.457
2397	349	71	450	2022-03-29 16:36:23.470
2398	349	146	Detroit Diesel	2022-03-29 16:36:23.620
2399	350	9	6	2022-03-29 16:58:57.190
2400	350	13	8.3	2022-03-29 16:58:57.333
2401	350	17	4	2022-03-29 16:58:57.350
2402	350	24	1	2022-03-29 16:58:57.363
2403	350	64	1	2022-03-29 16:58:57.380
2404	350	71	240	2022-03-29 16:58:57.390
2405	350	146	Cummins	2022-03-29 16:58:57.403
2406	351	9	6	2022-03-29 17:07:10.377
2407	351	13	14	2022-03-29 17:07:10.387
2408	351	17	4	2022-03-29 17:07:10.400
2409	351	24	1	2022-03-29 17:07:10.413
2410	351	64	1	2022-03-29 17:07:10.427
2411	351	71	260	2022-03-29 17:07:10.437
2412	351	125	480	2022-03-29 17:07:10.450
2413	351	129	Turbocharged/Aftercooled	2022-03-29 17:07:10.463
2414	351	135	1	2022-03-29 17:07:10.477
2415	351	146	Cummins	2022-03-29 17:07:10.490
2416	352	9	6	2022-03-29 17:44:49.760
2417	352	13	15	2022-03-29 17:44:49.777
2418	352	17	4	2022-03-29 17:44:49.790
2419	352	24	1	2022-03-29 17:44:49.807
2420	352	64	1	2022-03-29 17:44:49.987
2421	352	71	375	2022-03-29 17:44:50.007
2422	352	125	655	2022-03-29 17:44:50.020
2423	352	146	Cummins	2022-03-29 17:44:50.040
2424	353	9	6	2022-03-31 09:54:25.903
2425	353	13	11.9	2022-03-31 09:54:25.927
2426	353	24	1	2022-03-31 09:54:25.940
2427	353	64	1	2022-03-31 09:54:25.953
2430	353	146	Cummins	2022-03-31 09:54:25.997
2431	354	9	6	2022-03-31 10:57:01.597
2432	354	13	16.4	2022-03-31 10:57:01.613
2433	354	24	1	2022-03-31 10:57:01.747
2434	354	64	1	2022-03-31 10:57:01.777
2435	354	71	690	2022-03-31 10:57:01.790
2436	354	146	Scania	2022-03-31 10:57:01.807
2437	355	9	6	2022-03-31 16:22:33.180
2438	355	13	12	2022-03-31 16:22:33.193
2439	355	17	4	2022-03-31 16:22:33.210
2440	355	24	1	2022-03-31 16:22:33.227
2441	355	64	1	2022-03-31 16:22:33.240
2442	355	146	Mack	2022-03-31 16:22:33.253
2443	356	9	6	2022-03-31 16:26:27.417
2444	356	13	7.6	2022-03-31 16:26:27.430
2445	356	24	1	2022-03-31 16:26:27.443
2446	356	64	1	2022-03-31 16:26:27.457
2447	356	135	1	2022-03-31 16:26:27.473
2448	356	146	International/Navistar	2022-03-31 16:26:27.487
2449	357	9	12	2022-03-31 16:31:02.380
2450	357	13	26.8	2022-03-31 16:31:02.407
2451	357	24	1	2022-03-31 16:31:02.427
2452	357	64	2	2022-03-31 16:31:02.443
2453	357	146	MTU	2022-03-31 16:31:02.463
2454	358	9	12	2022-03-31 16:37:06.703
2455	358	13	19.1	2022-03-31 16:37:06.720
2456	358	24	1	2022-03-31 16:37:06.730
2457	358	64	2	2022-03-31 16:37:06.747
2459	358	146	Deutz	2022-03-31 16:37:06.887
2460	359	9	6	2022-04-25 16:34:12.157
2461	359	13	10	2022-04-25 16:34:12.177
2462	359	24	1	2022-04-25 16:34:12.190
2463	359	64	1	2022-04-25 16:34:12.200
2464	359	129	Turbocharged Aftercooled	2022-04-25 16:34:12.213
2465	359	135	1	2022-04-25 16:34:12.223
2466	359	146	Cummins	2022-04-25 16:34:12.237
2467	360	9	6	2022-04-26 14:27:51.130
2468	360	13	5.9	2022-04-26 14:27:51.160
2469	360	17	4	2022-04-26 14:27:51.170
2470	360	24	1	2022-04-26 14:27:51.183
2471	360	64	1	2022-04-26 14:27:51.197
2472	360	146	Cummins	2022-04-26 14:27:51.210
2473	361	9	4	2022-04-26 14:34:07.330
2474	361	13	4.5	2022-04-26 14:34:07.467
2475	361	24	1	2022-04-26 14:34:07.480
2476	361	64	1	2022-04-26 14:34:07.490
2477	361	71	110	2022-04-26 14:34:07.503
2478	361	125	170	2022-04-26 14:34:07.517
2479	361	135	1	2022-04-26 14:34:07.530
2480	361	146	Cummins	2022-04-26 14:34:07.540
2481	362	9	6	2022-04-26 14:35:00.747
2482	362	12	408	2022-04-26 14:35:00.760
2483	362	13	6.7	2022-04-26 14:35:00.773
2484	362	24	1	2022-04-26 14:35:00.787
2485	362	64	1	2022-04-26 14:35:00.913
2486	362	71	133	2022-04-26 14:35:00.923
2487	362	125	275	2022-04-26 14:35:00.937
2488	362	146	Cummins	2022-04-26 14:35:00.950
2489	362	135	1	2022-04-26 14:35:15.250
2490	363	9	6	2022-04-26 14:38:02.090
2491	363	12	505	2022-04-26 14:38:02.107
2492	363	13	8.3	2022-04-26 14:38:02.120
2493	363	17	4	2022-04-26 14:38:02.250
2494	363	24	1	2022-04-26 14:38:02.260
2495	363	64	1	2022-04-26 14:38:02.273
2496	363	135	1	2022-04-26 14:38:02.287
2497	363	146	Cummins	2022-04-26 14:38:02.300
2498	364	9	6	2022-04-27 14:23:36.943
2499	364	12	542	2022-04-27 14:23:36.967
2500	364	13	8.9	2022-04-27 14:23:36.980
2501	364	17	4	2022-04-27 14:23:36.990
2502	364	24	1	2022-04-27 14:23:37.003
2503	364	64	1	2022-04-27 14:23:37.143
2504	364	71	290	2022-04-27 14:23:37.160
2505	364	125	410	2022-04-27 14:23:37.180
2506	364	146	Cummins	2022-04-27 14:23:37.193
2507	365	9	6	2023-04-28 14:14:47.643
2508	365	13	10.5	2023-04-28 14:14:47.667
2509	365	17	4	2023-04-28 14:14:47.677
2510	365	24	9	2023-04-28 14:14:47.690
2511	365	64	1	2023-04-28 14:14:47.823
2512	365	146	Caterpillar	2023-04-28 14:14:47.837
2513	366	9	6	2023-04-28 14:20:40.233
2514	366	12	1150	2023-04-28 14:20:40.247
2515	366	13	19	2023-04-28 14:20:40.260
2516	366	17	4	2023-04-28 14:20:40.270
2517	366	24	1	2023-04-28 14:20:40.283
2518	366	135	1	2023-04-28 14:20:40.300
2519	366	146	Cummins	2023-04-28 14:20:40.310
2520	367	9	8	2023-04-28 14:23:09.470
2521	367	12	903	2023-04-28 14:23:09.480
2522	367	13	14.8	2023-04-28 14:23:09.493
2523	367	17	4	2023-04-28 14:23:09.510
2524	367	24	1	2023-04-28 14:23:09.520
2526	367	146	Cummins	2023-04-28 14:23:09.550
2527	368	9	8	2023-04-28 14:24:32.820
2528	368	12	903	2023-04-28 14:24:32.833
2529	368	13	14.8	2023-04-28 14:24:32.847
2530	368	17	4	2023-04-28 14:24:32.860
2531	368	24	1	2023-04-28 14:24:32.873
2532	368	64	2	2023-04-28 14:24:32.887
2533	368	146	Cummins	2023-04-28 14:24:32.900
2534	367	64	2	2023-04-28 14:24:40.290
2535	369	9	8	2023-04-28 14:29:33.250
2536	369	13	9.3	2023-04-28 14:29:33.263
2538	369	24	1	2023-04-28 14:29:33.407
2539	369	64	2	2023-04-28 14:29:33.420
2540	369	71	318.00	2023-04-28 14:29:33.433
2541	369	125	385.00	2023-04-28 14:29:33.447
2542	369	146	Detroit Diesel	2023-04-28 14:29:33.463
2543	370	9	8	2023-04-28 14:30:35.007
2544	370	12	738	2023-04-28 14:30:35.020
2545	370	17	2	2023-04-28 14:30:35.033
2546	370	24	1	2023-04-28 14:30:35.047
2547	370	64	2	2023-04-28 14:30:35.057
2548	370	71	312	2023-04-28 14:30:35.070
2549	370	125	388	2023-04-28 14:30:35.083
2550	370	146	Detroit Diesel	2023-04-28 14:30:35.100
2551	371	9	6	2023-04-28 14:34:08.543
2552	371	12	71	2023-04-28 14:34:08.560
2553	371	17	2	2023-04-28 14:34:08.573
2554	371	24	1	2023-04-28 14:34:08.583
2555	371	64	1	2023-04-28 14:34:08.597
2556	371	146	Detroit Diesel	2023-04-28 14:34:08.610
2557	372	9	6	2023-04-28 14:39:20.633
2558	372	13	8.1	2023-04-28 14:39:54.267
2559	372	24	1	2023-04-28 14:39:20.660
2560	372	64	1	2023-04-28 14:39:20.670
2561	372	146	John Deere	2023-04-28 14:39:20.683
2562	373	9	6	2023-04-28 14:39:47.773
2563	373	13	8.1	2023-04-28 14:39:47.787
2564	373	24	1	2023-04-28 14:39:47.800
2565	373	64	1	2023-04-28 14:39:47.930
2566	373	146	John Deere	2023-04-28 14:39:47.947
2567	374	9	6	2023-04-28 14:40:56.113
2568	374	13	8.1	2023-04-28 14:40:56.130
2569	374	17	4	2023-04-28 14:40:56.140
2570	374	24	1	2023-04-28 14:40:56.270
2571	374	64	1	2023-04-28 14:40:56.283
2572	374	146	John Deere	2023-04-28 14:40:56.297
2573	372	17	4	2023-04-28 14:41:01.233
2574	373	17	4	2023-04-28 14:41:17.343
2575	375	9	8	2023-11-28 14:56:44.407
2576	375	13	8.2	2023-11-28 14:56:44.433
2577	375	17	4	2023-11-28 14:56:44.447
2578	375	24	1	2023-11-28 14:56:44.460
2579	375	64	2	2023-11-28 14:56:44.473
2580	375	135	1	2023-11-28 14:56:44.487
2581	375	146	Detroit Diesel	2023-11-28 14:56:44.647
2582	376	9	8	2023-11-28 14:57:16.267
2583	376	13	8.2	2023-11-28 14:57:16.280
2584	376	17	4	2023-11-28 14:57:16.293
2585	376	24	1	2023-11-28 14:57:16.307
2586	376	64	2	2023-11-28 14:57:16.437
2587	376	135	1	2023-11-28 14:57:16.450
2588	376	146	Detroit Diesel	2023-11-28 14:57:16.463
2589	86	135	1	2023-11-28 15:01:31.247
2590	114	135	1	2023-11-28 15:03:16.773
2591	116	135	1	2023-11-28 15:03:56.517
