#id	makeid	vehicletypeid	tobeqced
1	448	2	\N
2	448	2	\N
3	468	2	\N
6	582	2	\N
7	582	2	\N
9	582	2	\N
10	582	2	\N
11	582	2	\N
12	582	2	\N
13	582	2	\N
14	582	2	\N
16	482	2	\N
17	482	2	\N
18	482	2	\N
19	482	2	\N
20	582	2	\N
21	582	2	\N
22	474	2	\N
25	582	2	\N
26	582	2	\N
27	474	2	\N
28	474	2	\N
29	473	2	\N
30	582	2	\N
31	474	2	\N
32	473	2	\N
34	473	2	\N
35	482	2	\N
36	485	2	\N
37	485	2	\N
39	582	7	\N
40	582	7	\N
41	473	7	\N
42	482	7	\N
43	582	7	\N
44	474	7	\N
45	582	7	\N
46	474	7	\N
47	473	7	\N
48	582	7	\N
49	485	7	\N
50	485	7	\N
52	448	2	\N
57	582	2	\N
58	582	2	\N
59	582	2	\N
60	582	7	\N
61	582	2	\N
62	582	2	\N
63	582	2	\N
64	582	2	\N
65	582	2	\N
66	582	2	\N
67	582	2	\N
68	582	2	\N
69	582	2	\N
70	582	2	\N
71	582	2	\N
72	582	7	\N
73	582	7	\N
74	582	7	\N
75	582	7	\N
76	582	2	\N
77	582	2	\N
78	582	2	\N
81	583	7	\N
82	583	2	\N
83	583	2	\N
85	583	2	\N
86	452	2	\N
87	452	2	\N
92	452	7	\N
93	452	7	\N
94	452	7	\N
95	452	7	\N
96	452	7	\N
97	452	2	\N
98	452	2	\N
100	452	2	\N
101	452	2	\N
104	445	2	\N
105	582	2	\N
106	582	2	\N
107	583	7	\N
108	582	2	\N
110	583	2	\N
111	583	2	\N
112	583	2	\N
114	452	2	\N
115	452	2	\N
118	452	2	\N
120	442	2	\N
121	515	2	\N
122	442	2	\N
123	444	7	\N
125	444	7	\N
126	515	2	\N
127	444	7	\N
128	444	7	\N
129	515	2	\N
130	515	2	\N
132	515	2	\N
133	515	7	\N
135	515	7	\N
136	515	7	\N
137	448	2	\N
138	448	2	\N
139	448	2	\N
140	448	2	\N
141	448	2	\N
142	448	2	\N
143	448	2	\N
144	448	7	\N
145	448	7	\N
146	448	7	\N
147	448	7	\N
148	448	7	\N
149	448	7	\N
150	448	3	\N
151	448	3	\N
152	482	2	\N
153	448	2	\N
154	448	2	\N
155	482	7	\N
156	448	2	\N
157	448	2	\N
158	448	2	\N
159	448	2	\N
161	448	2	\N
162	448	2	\N
163	448	2	\N
164	448	2	\N
166	448	7	\N
167	448	7	\N
168	448	7	\N
169	448	7	\N
170	448	7	\N
171	448	7	\N
172	452	2	\N
173	452	2	\N
174	452	2	\N
176	452	2	\N
177	452	2	\N
178	452	2	\N
180	452	2	\N
181	452	7	\N
183	452	2	\N
184	452	2	\N
186	452	2	\N
187	452	2	\N
188	456	2	\N
190	448	2	\N
191	448	2	\N
192	456	2	\N
193	456	2	\N
194	456	7	\N
195	448	2	\N
196	523	2	\N
197	523	2	\N
198	523	2	\N
199	523	7	\N
200	523	2	\N
201	523	7	\N
202	523	2	\N
203	468	2	\N
204	584	2	\N
205	584	2	\N
206	468	2	\N
207	478	2	\N
208	478	2	\N
209	478	2	\N
210	478	2	\N
211	478	2	\N
212	468	2	\N
213	478	7	\N
214	478	3	\N
215	480	7	\N
216	468	2	\N
218	481	2	\N
219	481	7	\N
220	481	7	\N
221	481	2	\N
222	481	2	\N
223	481	2	\N
224	473	2	\N
225	473	2	\N
226	473	2	\N
227	473	2	\N
228	473	7	\N
229	473	7	\N
230	473	2	\N
231	492	2	\N
232	448	2	\N
233	449	2	\N
234	449	2	\N
235	449	2	\N
236	449	2	\N
237	449	2	\N
238	449	2	\N
239	449	2	\N
240	449	2	\N
241	449	2	\N
242	449	7	\N
243	449	7	\N
244	449	7	\N
245	449	7	\N
246	449	7	\N
247	504	2	\N
248	468	7	\N
249	468	7	\N
250	468	7	\N
251	499	2	\N
252	499	2	\N
253	499	7	\N
254	499	2	\N
255	499	2	\N
256	499	7	\N
257	499	2	\N
258	499	2	\N
259	499	7	\N
260	499	7	\N
261	499	7	\N
262	442	7	\N
263	442	2	\N
264	442	2	\N
265	498	2	\N
266	498	7	\N
267	498	2	\N
268	498	7	\N
269	498	2	\N
270	5083	2	\N
271	5083	2	\N
272	498	2	\N
273	498	2	\N
274	498	2	\N
275	498	2	\N
278	467	2	\N
279	467	2	\N
280	467	2	\N
281	467	2	\N
282	467	2	\N
283	467	2	\N
284	474	3	\N
285	475	2	\N
286	475	7	\N
287	475	2	\N
288	475	7	\N
289	475	2	\N
290	475	2	\N
291	468	2	\N
292	468	2	\N
293	467	2	\N
294	468	2	\N
295	468	2	\N
296	467	2	\N
297	467	2	\N
298	467	2	\N
299	467	2	\N
300	467	2	\N
301	467	2	\N
302	467	2	\N
303	467	2	\N
304	467	2	\N
305	467	2	\N
306	467	2	\N
307	467	2	\N
308	469	2	\N
309	469	2	\N
310	469	2	\N
311	469	2	\N
312	468	7	\N
313	467	7	\N
314	467	7	\N
315	472	7	\N
316	468	7	\N
317	467	7	\N
318	472	7	\N
319	468	7	\N
320	469	7	\N
321	467	7	\N
322	472	7	\N
323	469	7	\N
324	469	7	\N
325	467	7	\N
326	472	7	\N
327	467	2	\N
328	467	7	\N
329	467	3	\N
330	467	3	\N
332	472	3	\N
333	467	3	\N
334	472	3	\N
335	467	7	\N
336	460	2	\N
337	460	7	\N
338	460	7	\N
339	460	7	\N
340	460	7	\N
341	460	3	\N
342	460	2	\N
343	460	7	\N
344	460	2	\N
345	460	2	\N
346	460	2	\N
347	460	2	\N
348	460	2	\N
349	460	3	\N
350	460	7	\N
351	460	10	\N
352	467	7	\N
353	460	3	\N
354	464	7	\N
355	464	7	\N
356	464	10	\N
357	464	7	\N
358	464	2	\N
359	464	7	\N
360	464	2	\N
361	493	2	\N
363	492	7	\N
364	492	7	\N
365	477	2	\N
366	477	2	\N
367	477	7	\N
368	467	7	\N
369	467	7	\N
370	467	3	\N
371	476	7	\N
372	476	2	\N
373	476	2	\N
374	476	2	\N
375	476	7	\N
376	467	3	\N
377	476	7	\N
378	496	7	\N
379	496	3	\N
380	496	3	\N
381	483	7	\N
382	483	7	\N
383	483	7	\N
384	483	7	\N
385	483	7	\N
386	483	7	\N
387	443	2	\N
388	443	2	\N
389	443	2	\N
390	445	2	\N
391	445	2	\N
392	445	2	\N
393	445	2	\N
394	478	2	\N
395	478	7	\N
396	478	7	\N
397	478	7	\N
398	478	7	\N
399	478	2	\N
400	478	2	\N
401	467	10	\N
403	480	2	\N
404	480	2	\N
405	480	2	\N
406	480	2	\N
407	480	7	\N
408	480	7	\N
409	480	2	\N
410	584	2	\N
411	467	10	\N
412	584	7	\N
413	584	7	\N
414	584	2	\N
415	515	2	\N
416	469	2	\N
417	515	2	\N
418	515	2	\N
420	515	2	\N
421	515	7	\N
422	515	7	\N
423	515	7	\N
424	515	7	\N
425	515	2	\N
427	452	2	\N
428	452	2	\N
429	452	2	\N
430	452	2	\N
431	452	7	\N
432	452	7	\N
433	452	7	\N
434	452	7	\N
435	452	7	\N
436	452	2	\N
437	452	2	\N
438	482	7	\N
439	482	7	\N
441	485	7	\N
442	485	7	\N
443	485	7	\N
444	493	2	\N
445	493	7	\N
446	469	2	\N
447	443	2	\N
448	469	2	\N
449	469	2	\N
450	469	7	\N
451	469	7	\N
452	472	7	\N
453	472	7	\N
454	472	7	\N
455	472	7	\N
456	472	3	\N
457	472	3	\N
459	472	10	\N
460	472	3	\N
461	498	7	\N
462	472	10	\N
463	444	7	\N
464	444	7	\N
465	472	3	\N
467	472	5	\N
468	472	10	\N
469	472	7	\N
470	472	7	\N
471	472	10	\N
472	472	7	\N
473	499	7	\N
474	499	7	\N
476	499	2	\N
477	473	2	\N
478	473	2	\N
479	473	2	\N
480	449	2	\N
481	478	2	\N
482	480	2	\N
483	515	2	\N
484	448	2	\N
486	448	2	\N
487	448	2	\N
488	474	2	\N
489	474	2	\N
490	582	2	\N
491	482	2	\N
492	482	2	\N
493	482	2	\N
494	482	2	\N
495	485	2	\N
496	485	2	\N
497	485	7	\N
498	485	2	\N
500	474	2	\N
501	448	2	\N
503	448	2	\N
504	474	7	\N
505	474	2	\N
506	474	7	\N
507	474	7	\N
508	498	2	\N
509	498	7	\N
510	5083	2	\N
511	474	7	\N
512	474	3	\N
513	475	2	\N
514	475	7	\N
515	475	2	\N
516	475	7	\N
517	475	7	\N
518	475	2	\N
519	475	2	\N
520	460	7	\N
521	460	3	\N
522	496	3	\N
523	496	10	\N
524	496	7	\N
525	456	2	\N
526	456	2	\N
530	452	2	\N
531	452	2	\N
532	452	2	\N
533	452	2	\N
534	452	2	\N
535	452	2	\N
536	452	2	\N
537	452	2	\N
538	452	2	\N
539	452	2	\N
540	452	2	\N
541	452	2	\N
542	452	2	\N
543	452	2	\N
544	452	2	\N
545	452	2	\N
546	452	2	\N
547	452	2	\N
548	452	2	\N
549	452	2	\N
550	452	2	\N
551	452	2	\N
552	452	2	\N
553	452	2	\N
554	452	2	\N
555	452	2	\N
556	452	2	\N
557	452	2	\N
558	452	2	\N
559	467	3	\N
560	474	7	\N
561	478	2	\N
563	492	2	\N
564	472	3	\N
565	467	3	\N
566	467	7	\N
567	467	5	\N
568	472	5	\N
569	472	7	\N
570	449	2	\N
571	478	3	\N
572	478	3	\N
573	478	7	\N
574	448	3	\N
575	448	3	\N
576	482	2	\N
577	449	5	\N
578	449	3	\N
579	449	7	\N
580	449	7	\N
581	449	3	\N
583	485	2	\N
584	485	7	\N
586	523	2	\N
587	523	2	\N
589	523	7	\N
590	523	7	\N
591	499	7	\N
593	499	7	\N
594	499	7	\N
595	499	2	\N
596	442	7	\N
597	442	2	\N
598	442	2	\N
599	442	2	\N
600	442	2	\N
601	442	7	\N
602	477	2	\N
603	477	7	\N
604	492	7	\N
605	492	7	\N
606	492	2	\N
607	460	2	\N
608	460	2	\N
609	460	2	\N
610	460	2	\N
611	460	2	\N
612	460	7	\N
613	493	2	\N
614	443	2	\N
615	443	2	\N
617	460	7	\N
618	460	7	\N
619	460	7	\N
621	460	3	\N
622	476	7	\N
623	476	7	\N
624	476	2	\N
625	476	2	\N
626	476	7	\N
627	483	7	\N
628	483	7	\N
629	483	7	\N
630	483	7	\N
631	483	7	\N
633	496	7	\N
634	496	3	\N
635	496	3	\N
636	496	3	\N
637	483	7	\N
640	496	3	\N
641	496	3	\N
642	496	3	\N
643	496	10	\N
644	496	10	\N
645	496	10	\N
646	443	2	\N
647	492	2	\N
648	498	2	\N
649	498	2	\N
650	498	2	\N
651	498	2	\N
652	498	7	\N
653	444	7	\N
654	444	7	\N
655	444	7	\N
656	444	7	\N
657	482	2	\N
658	482	2	\N
659	482	7	\N
660	482	2	\N
661	482	2	\N
662	482	2	\N
664	584	2	\N
665	584	2	\N
666	584	7	\N
667	584	7	\N
668	584	2	\N
669	473	2	\N
671	449	2	\N
672	449	2	\N
673	449	2	\N
674	449	2	\N
675	449	2	\N
676	449	2	\N
677	449	7	\N
678	449	7	\N
679	449	7	\N
680	449	7	\N
681	449	2	\N
682	499	2	\N
683	499	7	\N
685	499	2	\N
687	464	2	\N
688	464	2	\N
689	464	7	\N
690	464	7	\N
691	464	7	\N
693	460	7	\N
694	460	7	\N
695	523	2	\N
696	499	2	\N
697	499	7	\N
699	460	2	\N
700	582	2	\N
701	582	2	\N
702	445	2	\N
703	445	2	\N
704	445	2	\N
705	445	2	\N
706	464	7	\N
707	469	7	\N
708	504	2	\N
709	452	2	\N
710	452	2	\N
711	452	2	\N
712	452	2	\N
713	452	2	\N
714	452	2	\N
715	452	2	\N
716	452	2	\N
718	452	2	\N
719	452	2	\N
720	452	2	\N
721	452	2	\N
722	452	2	\N
723	452	2	\N
724	452	7	\N
727	456	2	\N
731	456	2	\N
733	456	7	\N
735	448	2	\N
736	448	2	\N
737	448	2	\N
738	441	2	\N
739	441	2	\N
740	441	2	\N
742	515	7	\N
744	582	2	\N
746	582	2	\N
747	582	7	\N
748	582	2	\N
750	582	2	\N
751	582	2	\N
752	582	2	\N
753	582	2	\N
754	582	2	\N
755	582	2	\N
756	582	2	\N
757	582	2	\N
758	582	2	\N
759	582	7	\N
760	582	7	\N
761	582	7	\N
762	582	7	\N
763	582	2	\N
764	582	2	\N
765	582	2	\N
766	480	2	\N
767	480	2	\N
768	480	2	\N
769	480	7	\N
770	480	2	\N
771	480	7	\N
772	478	2	\N
773	478	2	\N
774	478	2	\N
775	478	2	\N
776	478	2	\N
777	478	2	\N
778	478	7	\N
779	478	3	\N
781	478	7	\N
782	478	7	\N
783	478	7	\N
784	478	2	\N
785	478	2	\N
786	478	3	\N
787	478	3	\N
788	478	7	\N
789	478	3	\N
790	481	2	\N
791	481	2	\N
792	481	7	\N
793	481	7	\N
794	481	7	\N
795	482	2	\N
796	482	2	\N
797	482	2	\N
798	482	2	\N
799	482	2	\N
800	482	2	\N
801	482	2	\N
802	482	7	\N
803	460	2	\N
804	460	2	\N
805	460	2	\N
806	460	2	\N
807	460	2	\N
808	460	2	\N
809	460	2	\N
810	460	7	\N
811	460	7	\N
812	460	7	\N
813	460	7	\N
814	460	7	\N
815	460	7	\N
816	460	3	\N
817	460	3	\N
818	460	3	\N
819	460	3	\N
820	441	2	\N
821	441	2	\N
822	474	2	\N
823	474	2	\N
825	474	2	\N
826	474	7	\N
827	474	2	\N
828	474	7	\N
829	474	7	\N
830	474	7	\N
831	474	3	\N
832	477	2	\N
833	477	7	\N
834	452	2	\N
835	452	2	\N
836	452	2	\N
838	452	2	\N
839	452	2	\N
840	452	2	\N
841	452	2	\N
842	452	2	\N
843	452	2	\N
844	452	2	\N
845	452	2	\N
846	452	2	\N
847	452	2	\N
848	452	2	\N
849	452	2	\N
850	452	2	\N
851	452	2	\N
852	452	2	\N
853	452	2	\N
854	452	2	\N
855	452	2	\N
856	452	2	\N
857	452	2	\N
858	452	2	\N
859	452	7	\N
860	452	7	\N
861	452	7	\N
862	452	7	\N
863	452	7	\N
864	452	2	\N
865	485	7	\N
868	448	7	\N
869	515	7	\N
870	448	7	\N
871	444	7	\N
872	444	7	\N
873	444	7	\N
874	444	7	\N
875	444	7	\N
876	442	7	\N
877	442	2	\N
878	442	2	\N
879	442	2	\N
880	442	2	\N
881	499	2	\N
882	499	7	\N
884	499	7	\N
885	499	7	\N
886	499	7	\N
887	499	7	\N
889	499	2	\N
891	498	2	\N
893	469	2	\N
894	469	2	\N
895	469	2	\N
896	448	2	\N
897	582	7	\N
898	452	2	\N
899	482	7	\N
900	482	7	\N
901	485	7	\N
902	485	2	\N
903	553	5	\N
904	553	5	\N
905	4759	5	\N
906	2476	10	\N
907	469	2	\N
909	469	7	\N
910	469	7	\N
911	469	7	\N
912	464	2	\N
913	464	2	\N
914	464	7	\N
915	464	7	\N
916	464	7	\N
917	464	7	\N
918	464	7	\N
919	468	2	\N
920	468	2	\N
921	468	2	\N
922	468	7	\N
923	468	7	\N
924	468	7	\N
925	448	3	\N
926	448	3	\N
927	448	3	\N
928	448	3	\N
929	448	3	\N
930	448	3	\N
931	448	3	\N
932	448	3	\N
933	448	3	\N
934	448	3	\N
935	448	3	\N
936	566	9	\N
937	478	5	f
939	467	2	\N
940	467	2	\N
941	467	2	\N
942	467	2	\N
943	467	2	\N
944	467	2	\N
945	467	2	\N
946	467	2	\N
949	6005	5	\N
950	467	2	\N
951	7706	5	\N
952	467	7	\N
953	467	7	\N
954	467	7	\N
955	467	7	\N
956	4148	5	\N
959	456	2	\N
960	467	7	\N
961	467	3	\N
962	467	3	\N
963	505	5	\N
964	811	3	\N
965	554	5	\N
966	4849	5	\N
968	467	3	\N
969	505	10	\N
970	554	10	\N
973	472	7	\N
974	472	7	\N
975	472	7	\N
976	472	7	\N
977	472	5	\N
978	472	10	\N
979	472	7	\N
980	472	3	\N
981	472	3	\N
982	472	10	\N
983	476	7	\N
984	472	3	\N
985	472	10	\N
986	483	7	\N
987	483	7	\N
988	483	7	\N
989	483	7	\N
990	483	7	\N
992	485	2	\N
993	485	7	\N
994	485	2	\N
995	485	2	\N
996	485	7	\N
997	485	7	\N
998	485	2	\N
999	485	2	\N
1000	476	7	\N
1001	476	2	\N
1002	476	2	\N
1003	476	7	\N
1004	475	2	\N
1005	475	7	\N
1006	475	7	\N
1007	475	2	\N
1008	475	2	\N
1009	475	2	\N
1010	496	7	\N
1011	496	3	\N
1012	496	7	\N
1013	496	10	\N
1014	496	3	\N
1015	496	7	\N
1016	496	10	\N
1017	572	7	\N
1018	509	7	\N
1019	496	7	\N
1020	496	10	\N
1021	496	3	\N
1022	496	3	\N
1023	496	3	\N
1024	496	3	\N
1026	496	10	\N
1027	496	10	\N
1028	496	10	\N
1029	523	2	\N
1030	523	2	\N
1031	523	2	\N
1032	523	7	\N
1033	523	2	\N
1034	523	7	\N
1035	523	2	\N
1036	498	2	\N
1037	498	2	\N
1038	498	7	\N
1039	498	7	\N
1040	498	7	\N
1041	583	7	\N
1042	583	2	\N
1043	583	2	\N
1044	583	2	\N
1045	445	2	\N
1046	445	2	\N
1047	445	2	\N
1048	445	2	\N
1049	499	2	\N
1050	464	7	\N
1051	460	2	\N
1052	460	2	\N
1053	460	2	\N
1054	460	2	\N
1055	460	7	\N
1056	460	7	\N
1057	460	7	\N
1058	460	7	\N
1059	460	7	\N
1060	460	7	\N
1061	460	7	\N
1062	460	3	\N
1063	464	2	\N
1064	464	2	\N
1065	464	7	\N
1066	464	7	\N
1067	464	7	\N
1068	464	7	\N
1069	464	7	\N
1070	468	2	\N
1071	468	2	\N
1072	468	2	\N
1073	468	2	\N
1074	468	7	\N
1075	468	7	\N
1076	468	7	\N
1077	469	2	\N
1078	469	2	\N
1079	469	2	\N
1080	469	2	\N
1081	469	7	\N
1082	469	7	\N
1083	469	7	\N
1084	469	7	\N
1085	483	7	\N
1086	483	7	\N
1087	483	7	\N
1088	483	7	\N
1089	483	7	\N
1090	582	2	\N
1091	582	2	\N
1092	582	2	\N
1093	582	7	\N
1094	582	2	\N
1095	582	2	\N
1096	582	2	\N
1097	582	2	\N
1098	582	2	\N
1099	582	2	\N
1100	582	2	\N
1101	442	7	\N
1102	442	7	\N
1103	442	7	\N
1104	442	2	\N
1105	442	2	\N
1106	442	2	\N
1107	442	2	\N
1108	582	7	\N
1109	582	7	\N
1111	582	7	\N
1112	582	2	\N
1113	477	2	\N
1114	477	7	\N
1115	474	2	\N
1116	474	2	\N
1117	474	2	\N
1118	474	2	\N
1119	474	7	\N
1120	474	2	\N
1121	474	7	\N
1122	474	7	\N
1123	474	7	\N
1124	474	7	\N
1125	474	3	\N
1126	475	2	\N
1127	475	7	\N
1128	475	2	\N
1129	475	2	\N
1130	475	2	\N
1131	444	7	\N
1132	444	7	\N
1133	444	7	\N
1134	444	7	\N
1135	444	7	\N
1136	444	7	\N
1137	498	2	\N
1138	498	2	\N
1139	498	2	\N
1140	498	2	\N
1141	498	2	\N
1142	498	7	\N
1143	498	7	\N
1144	499	2	\N
1145	499	7	\N
1147	499	7	\N
1148	499	7	\N
1149	499	7	\N
1150	499	7	\N
1151	499	2	\N
1153	499	2	\N
1154	499	2	\N
1155	523	2	\N
1156	523	2	\N
1157	523	7	\N
1158	523	2	\N
1159	523	7	\N
1160	523	2	\N
1161	523	7	\N
1162	523	2	\N
1163	473	2	\N
1164	473	2	\N
1165	473	2	\N
1166	473	7	\N
1167	473	7	\N
1168	473	2	\N
1169	482	2	\N
1170	482	2	\N
1171	482	2	\N
1172	482	2	\N
1173	482	2	\N
1174	482	2	\N
1175	482	2	\N
1176	482	2	\N
1177	482	2	\N
1178	482	7	\N
1179	482	7	\N
1180	467	2	\N
1181	467	2	\N
1182	467	2	\N
1183	467	2	\N
1184	467	2	\N
1185	467	2	\N
1186	467	2	\N
1187	467	2	\N
1188	467	2	\N
1189	467	7	\N
1190	467	7	\N
1191	467	7	\N
1192	467	7	\N
1193	467	7	\N
1194	467	7	\N
1195	467	3	\N
1196	467	10	\N
1197	467	7	\N
1198	467	5	\N
1199	467	3	\N
1200	467	10	\N
1201	467	3	\N
1203	485	2	\N
1204	485	2	\N
1205	485	2	\N
1206	485	2	\N
1207	485	7	\N
1208	485	7	\N
1209	485	7	\N
1210	515	2	\N
1211	515	2	\N
1212	515	2	\N
1213	515	2	\N
1214	515	2	\N
1215	515	2	\N
1216	515	2	\N
1217	515	7	\N
1218	515	7	\N
1219	515	7	\N
1220	515	7	\N
1221	448	2	\N
1222	448	2	\N
1223	448	2	\N
1224	448	2	\N
1225	448	2	\N
1226	448	2	\N
1227	448	7	\N
1228	448	7	\N
1229	448	2	\N
1230	448	7	\N
1231	448	2	\N
1232	448	7	\N
1233	448	7	\N
1234	448	7	\N
1235	448	3	\N
1236	448	3	\N
1237	505	5	\N
1238	478	2	\N
1239	478	2	\N
1240	478	2	\N
1241	478	2	\N
1242	478	2	\N
1243	478	2	\N
1244	478	2	\N
1245	478	2	\N
1246	478	2	\N
1248	478	2	\N
1249	478	7	\N
1250	478	7	\N
1251	478	7	\N
1252	478	7	\N
1253	478	3	\N
1254	478	3	\N
1255	478	5	\N
1256	478	3	\N
1257	478	3	\N
1258	478	7	\N
1259	480	2	\N
1260	480	2	\N
1261	480	2	\N
1262	480	2	\N
1263	480	7	\N
1264	480	7	\N
1265	480	7	\N
1266	476	7	\N
1267	476	7	\N
1268	476	2	\N
1269	476	2	\N
1270	476	7	\N
1271	481	2	\N
1272	481	2	\N
1273	481	7	\N
1274	481	7	\N
1276	481	7	\N
1277	504	2	\N
1278	493	2	\N
1279	493	2	\N
1280	493	7	\N
1281	492	7	\N
1282	492	7	\N
1283	492	2	\N
1284	492	2	\N
1285	441	2	\N
1286	441	2	\N
1287	441	2	\N
1288	452	2	\N
1289	452	2	\N
1290	452	2	\N
1291	452	2	\N
1292	452	2	\N
1293	452	2	\N
1294	452	2	\N
1295	452	2	\N
1296	452	2	\N
1297	452	2	\N
1298	452	2	\N
1299	452	2	\N
1300	452	2	\N
1301	452	2	\N
1302	452	7	\N
1303	452	7	\N
1304	452	7	\N
1305	452	7	\N
1306	452	7	\N
1307	452	2	\N
1308	452	2	\N
1309	583	7	\N
1310	583	2	\N
1312	583	2	\N
1313	584	2	\N
1314	584	2	\N
1315	584	7	\N
1316	584	7	\N
1317	584	2	\N
1318	449	2	\N
1319	449	2	\N
1320	449	2	\N
1321	449	2	\N
1322	449	2	\N
1323	449	2	\N
1324	449	2	\N
1325	449	2	\N
1326	449	7	\N
1327	449	7	\N
1328	449	7	\N
1329	449	7	\N
1330	449	7	\N
1331	449	2	\N
1332	449	5	\N
1337	449	10	\N
1338	449	5	\N
1339	449	7	\N
1340	449	3	\N
1341	449	10	\N
1342	449	7	\N
1343	449	3	\N
1344	460	5	\N
1345	460	7	\N
1346	460	10	\N
1347	460	3	\N
1348	460	3	\N
1349	460	3	\N
1350	460	10	\N
1351	460	10	\N
1352	460	3	\N
1353	460	10	\N
1354	460	3	\N
1355	460	10	\N
1356	460	3	\N
1357	467	3	\N
1358	467	10	\N
1363	496	3	\N
1366	496	3	\N
1369	496	3	\N
1372	496	10	\N
1373	496	7	\N
1374	496	10	\N
1375	496	7	\N
1376	496	10	\N
1377	496	7	\N
1378	496	3	\N
1381	496	10	\N
1382	496	7	\N
1383	496	3	\N
1384	496	10	\N
1385	496	7	\N
1386	496	3	\N
1389	496	10	\N
1390	496	7	\N
1391	496	3	\N
1392	496	10	\N
1393	496	7	\N
1394	496	3	\N
1395	496	10	\N
1396	496	7	\N
1398	448	2	\N
1400	582	2	\N
1401	582	2	\N
1402	582	7	\N
1403	582	2	\N
1404	582	2	\N
1405	582	2	\N
1406	582	2	\N
1407	452	2	\N
1409	582	7	\N
1410	452	2	\N
1411	452	2	\N
1412	452	2	\N
1413	452	2	\N
1425	582	7	\N
1428	452	2	\N
1429	582	7	\N
1430	582	7	\N
1432	582	2	\N
1433	582	2	\N
1434	582	2	\N
1435	452	2	\N
1437	582	2	\N
1438	582	2	\N
1440	582	2	\N
1441	582	2	\N
1443	582	2	\N
1444	582	2	\N
1446	582	2	\N
1447	582	7	\N
1448	582	2	\N
1449	493	2	\N
1452	493	2	\N
1457	448	2	\N
1459	452	2	\N
1460	452	2	\N
1462	452	2	\N
1463	452	2	\N
1464	452	2	\N
1465	452	7	\N
1466	452	7	\N
1467	452	7	\N
1468	452	7	\N
1469	452	7	\N
1470	452	7	\N
1471	452	7	\N
1472	452	2	\N
1473	452	2	\N
1474	452	2	\N
1475	474	2	\N
1477	474	2	\N
1478	474	2	\N
1479	474	2	\N
1480	474	7	\N
1481	474	2	\N
1482	474	7	\N
1483	474	7	\N
1484	474	7	\N
1485	474	7	\N
1486	474	3	\N
1487	475	2	\N
1488	515	2	\N
1489	515	2	\N
1490	515	2	\N
1491	515	2	\N
1492	515	2	\N
1494	515	2	\N
1495	515	2	\N
1496	515	7	\N
1497	515	7	\N
1498	515	7	\N
1499	515	7	\N
1500	448	2	\N
1502	448	2	\N
1503	448	2	\N
1504	448	2	\N
1505	448	2	\N
1506	448	2	\N
1507	448	2	\N
1508	448	7	\N
1509	448	7	\N
1510	448	2	\N
1511	448	7	\N
1512	448	7	\N
1513	448	7	\N
1515	448	2	\N
1516	448	7	\N
1517	448	3	\N
1518	448	3	\N
1520	477	2	\N
1521	476	2	\N
1522	476	2	\N
1523	460	2	\N
1524	477	7	\N
1525	477	7	\N
1526	476	7	\N
1527	476	7	\N
1528	476	7	\N
1529	496	7	\N
1530	496	7	\N
1531	496	7	\N
1532	496	10	\N
1533	496	3	\N
1534	496	3	\N
1535	496	3	\N
1536	496	3	\N
1539	496	10	\N
1540	460	7	\N
1541	496	10	\N
1542	496	10	\N
1544	483	7	\N
1545	483	7	\N
1546	483	7	\N
1547	483	3	\N
1548	483	7	\N
1549	483	7	\N
1550	460	7	\N
1551	493	7	\N
1552	492	7	\N
1553	492	7	\N
1554	492	7	\N
1555	483	7	\N
1556	460	7	\N
1557	460	7	\N
1558	460	7	\N
1559	460	7	\N
1560	460	3	\N
1562	460	3	\N
1565	443	2	\N
1566	443	2	\N
1567	443	2	\N
1568	5083	2	\N
1569	468	2	\N
1570	468	2	\N
1572	498	2	\N
1573	498	2	\N
1574	468	7	\N
1575	468	7	\N
1576	498	2	\N
1577	498	2	\N
1578	468	7	\N
1579	498	2	\N
1580	498	2	\N
1581	498	7	\N
1582	498	7	\N
1583	498	7	\N
1584	498	7	\N
1585	442	7	\N
1586	442	7	\N
1590	464	2	\N
1591	442	7	\N
1592	464	2	\N
1593	442	2	\N
1594	442	2	\N
1597	464	7	\N
1598	464	7	\N
1599	464	7	\N
1601	442	2	\N
1602	442	2	\N
1603	499	2	\N
1604	467	2	\N
1606	467	2	\N
1608	499	7	\N
1609	467	2	\N
1610	499	7	\N
1611	467	2	\N
1612	499	7	\N
1613	499	7	\N
1614	499	7	\N
1615	499	7	\N
1616	499	2	\N
1617	499	2	\N
1618	499	2	\N
1619	467	2	\N
1620	444	7	\N
1621	444	7	\N
1622	444	7	\N
1624	444	7	\N
1625	467	2	\N
1626	444	7	\N
1627	444	7	\N
1628	444	7	\N
1629	467	7	\N
1630	448	2	\N
1631	473	2	\N
1632	473	2	\N
1633	473	2	\N
1634	473	7	\N
1635	473	7	\N
1636	467	7	\N
1637	467	7	\N
1638	473	7	\N
1639	473	2	\N
1640	467	7	\N
1641	467	7	\N
1642	467	7	\N
1643	449	2	\N
1644	449	2	\N
1645	449	2	\N
1646	456	2	\N
1647	467	3	\N
1650	469	2	\N
1652	456	7	\N
1654	449	2	\N
1655	449	2	\N
1656	469	2	\N
1658	469	7	\N
1659	449	2	\N
1660	449	2	\N
1661	469	7	\N
1662	449	2	\N
1663	469	7	\N
1664	449	2	\N
1665	469	7	\N
1666	449	7	\N
1667	449	7	\N
1668	449	7	\N
1669	449	7	\N
1670	449	2	\N
1671	449	7	\N
1672	504	2	\N
1673	449	7	\N
1674	481	2	\N
1676	481	7	\N
1677	481	2	\N
1678	481	7	\N
1681	481	7	\N
1682	478	2	\N
1683	478	2	\N
1684	478	2	\N
1685	478	2	\N
1686	478	2	\N
1687	478	2	\N
1688	478	2	\N
1689	478	2	\N
1690	478	2	\N
1691	478	2	\N
1692	478	7	\N
1693	478	7	\N
1694	478	7	\N
1695	478	7	\N
1696	478	3	\N
1697	478	3	\N
1698	478	3	\N
1699	478	3	\N
1700	472	7	\N
1701	472	7	\N
1702	472	7	\N
1703	472	7	\N
1704	480	2	\N
1705	480	2	\N
1706	480	2	\N
1707	480	2	\N
1708	480	2	\N
1709	480	7	\N
1710	480	7	\N
1711	480	7	\N
1712	584	2	\N
1713	472	3	\N
1714	472	3	\N
1715	584	2	\N
1716	584	7	\N
1717	584	2	\N
1718	584	7	\N
1719	584	2	\N
1720	523	2	\N
1721	523	7	\N
1723	472	3	\N
1724	445	2	\N
1725	445	7	\N
1726	445	2	\N
1727	445	2	\N
1728	445	2	\N
1729	523	7	\N
1730	523	2	\N
1731	523	7	\N
1732	523	2	\N
1733	523	7	\N
1734	523	2	\N
1735	485	2	\N
1736	485	2	\N
1737	485	2	\N
1738	485	7	\N
1739	485	7	\N
1741	482	2	\N
1742	482	2	\N
1745	482	2	f
1746	482	2	\N
1747	482	2	\N
1748	482	7	\N
1749	482	7	\N
1750	441	2	\N
1751	441	2	\N
1752	441	2	\N
1753	583	7	\N
1755	583	2	\N
1757	583	2	\N
1758	583	2	\N
1760	493	2	\N
1761	493	2	\N
1762	492	7	\N
1763	492	7	\N
1764	480	2	\N
1765	443	2	\N
1766	443	2	\N
1767	443	7	\N
1768	449	2	\N
1769	449	2	\N
1770	449	2	\N
1771	449	2	\N
1773	449	2	\N
1774	449	2	\N
1775	449	2	\N
1776	473	2	\N
1777	473	7	\N
1778	473	7	\N
1779	473	2	\N
1791	481	2	\N
1792	481	2	\N
1793	481	7	\N
1794	481	7	\N
1795	449	7	\N
1796	449	7	\N
1797	478	2	\N
1798	478	2	\N
1799	478	2	\N
1800	478	7	\N
1801	478	3	\N
1802	478	2	\N
1803	478	7	\N
1804	478	2	\N
1805	478	2	\N
1806	478	7	\N
1807	478	3	\N
1808	478	7	\N
1809	478	7	\N
1810	478	2	\N
1811	478	3	\N
1812	504	2	\N
1814	443	2	\N
1815	443	7	\N
1816	582	2	\N
1817	582	7	\N
1818	582	7	\N
1819	582	7	\N
1820	452	2	\N
1821	443	2	\N
1822	445	7	\N
1823	445	2	\N
1824	445	2	\N
1825	445	2	\N
1826	445	2	\N
1827	456	2	\N
1828	452	2	\N
1829	456	2	\N
1830	456	7	\N
1831	456	2	\N
1832	452	2	\N
1833	492	2	\N
1837	467	2	\N
1838	498	2	\N
1839	498	2	\N
1840	499	2	\N
1841	449	7	\N
1842	474	2	\N
1843	474	2	\N
1844	474	2	\N
1845	474	2	\N
1846	474	7	\N
1847	474	7	\N
1848	474	7	\N
1849	474	7	\N
1850	474	7	\N
1851	474	3	\N
1852	456	2	\N
1853	456	7	\N
1854	452	2	\N
1855	452	2	\N
1856	452	2	\N
1857	452	2	\N
1858	452	2	\N
1862	452	2	\N
1863	452	2	\N
1864	452	2	\N
1865	452	2	\N
1867	452	2	\N
1868	452	2	\N
1869	452	2	\N
1870	452	2	\N
1871	452	7	\N
1872	452	7	\N
1873	452	7	\N
1874	452	7	\N
1875	452	7	\N
1876	452	7	\N
1877	452	7	\N
1878	452	2	\N
1879	452	2	\N
1880	448	2	\N
1881	448	2	\N
1882	448	2	\N
1883	448	2	\N
1884	448	7	\N
1885	448	2	\N
1886	448	2	\N
1887	448	7	\N
1888	448	7	\N
1889	448	7	\N
1890	448	7	\N
1891	448	3	\N
1892	448	3	\N
1893	493	2	\N
1894	493	7	\N
1895	475	2	\N
1896	475	7	\N
1897	475	2	\N
1899	475	2	\N
1900	582	7	\N
1902	582	2	\N
1903	582	2	\N
1904	582	2	\N
1905	582	2	\N
1906	582	2	\N
1907	441	2	\N
1908	582	2	\N
1909	582	2	\N
1910	582	2	\N
1911	582	2	\N
1912	582	7	\N
1914	582	7	\N
1915	582	2	\N
1916	582	7	\N
1917	582	7	\N
1918	582	7	\N
1919	582	7	\N
1921	582	7	\N
1923	582	2	\N
1925	582	2	\N
1926	582	7	\N
1927	582	7	\N
1928	583	7	\N
1929	583	2	\N
1930	583	2	\N
1931	445	2	\N
1932	445	2	\N
1933	445	2	\N
1934	445	7	\N
1935	492	7	\N
1936	523	2	\N
1937	481	2	\N
1938	481	2	\N
1939	481	7	\N
1940	450	7	\N
1941	485	7	\N
1942	485	7	\N
1943	485	2	\N
1944	485	7	\N
1945	482	7	\N
1946	464	7	\N
1947	464	7	\N
1948	468	7	\N
1949	468	7	f
1950	468	7	f
1951	468	7	\N
1952	468	7	f
1953	464	7	f
1954	449	7	f
1955	467	3	\N
1956	467	3	\N
1957	460	3	\N
1958	460	3	\N
1959	460	3	\N
1960	460	3	\N
1961	452	2	\N
1962	452	2	\N
1963	452	2	\N
1964	478	3	\N
1965	443	2	\N
1966	443	2	\N
1967	443	7	\N
1968	473	2	\N
1969	480	2	\N
1970	480	2	\N
1971	480	7	\N
1972	480	7	\N
1973	441	2	\N
1974	441	7	\N
1975	441	2	\N
1976	441	7	\N
1977	448	2	\N
1978	477	2	\N
1979	477	7	\N
1980	477	7	\N
1981	476	7	\N
1982	476	2	\N
1983	476	2	\N
1984	5083	2	\N
1985	5083	2	\N
1986	5083	7	\N
1987	5083	2	\N
1988	473	2	\N
1989	473	2	\N
1990	473	2	\N
1991	473	7	\N
1992	473	7	\N
1993	473	7	\N
1994	464	7	f
1995	464	7	f
1996	464	7	f
1997	464	7	\N
1998	523	7	\N
1999	523	2	\N
2000	523	7	\N
2001	523	2	\N
2002	523	7	\N
2003	523	7	\N
2004	449	7	\N
2005	449	7	f
2006	449	2	\N
2007	449	2	\N
2008	496	3	f
2009	449	7	\N
2010	449	7	\N
2011	449	7	\N
2012	449	7	\N
2013	449	7	\N
2014	449	2	\N
2015	496	3	f
2016	449	2	\N
2017	449	2	\N
2018	449	2	\N
2019	496	3	f
2020	449	2	\N
2021	496	7	f
2022	496	7	f
2024	496	7	\N
2025	496	7	\N
2026	469	2	\N
2027	469	2	\N
2028	469	7	\N
2029	469	7	\N
2030	469	7	\N
2031	469	7	\N
2032	469	7	\N
2033	515	2	\N
2034	515	2	\N
2035	515	2	\N
2036	515	2	\N
2037	515	2	\N
2038	515	2	\N
2039	515	7	\N
2040	515	7	\N
2041	515	7	\N
2042	515	7	\N
2043	498	2	\N
2044	498	2	\N
2045	498	2	\N
2046	498	2	\N
2047	498	2	\N
2048	498	2	\N
2049	498	7	\N
2050	498	7	\N
2051	498	7	\N
2052	498	7	\N
2053	498	7	\N
2054	442	7	\N
2055	442	7	\N
2056	442	2	\N
2057	442	2	\N
2058	482	2	\N
2059	482	2	\N
2061	482	2	\N
2062	482	2	\N
2063	482	7	\N
2064	482	7	\N
2065	482	7	\N
2066	482	7	\N
2067	478	2	\N
2068	478	2	\N
2069	478	2	\N
2070	478	2	\N
2071	478	2	\N
2072	478	2	\N
2073	478	2	\N
2074	478	2	\N
2075	478	7	\N
2076	478	7	\N
2077	478	7	\N
2078	478	3	\N
2079	478	3	\N
2080	478	3	\N
2081	478	3	\N
2082	478	5	\N
2083	485	2	\N
2084	485	2	\N
2085	485	2	\N
2087	485	2	\N
2088	485	7	\N
2089	485	7	\N
2090	485	7	\N
2091	485	7	\N
2092	485	7	\N
2093	444	7	\N
2094	444	7	\N
2095	444	7	\N
2096	444	7	\N
2097	444	7	\N
2098	444	7	\N
2099	444	7	\N
2100	584	7	f
2101	584	2	f
2102	472	7	\N
2103	584	2	f
2104	472	7	\N
2105	584	7	f
2106	584	2	f
2107	584	2	f
2108	499	2	f
2109	499	2	f
2110	499	7	f
2111	472	7	\N
2112	472	3	\N
2113	472	3	\N
2114	472	3	\N
2115	499	2	f
2116	499	7	f
2117	499	7	f
2118	499	7	f
2119	499	7	f
2122	499	7	f
2123	460	7	f
2124	460	7	f
2125	460	7	f
2126	460	7	f
2127	483	7	\N
2128	460	7	f
2129	483	7	\N
2130	460	2	f
2131	483	7	\N
2132	467	2	f
2133	467	2	f
2134	467	2	f
2135	467	2	f
2136	467	2	f
2137	483	7	\N
2138	483	7	\N
2139	467	7	f
2140	467	7	f
2141	467	7	f
2142	467	7	f
2143	467	7	f
2144	467	7	f
2145	483	7	\N
2146	467	3	f
2147	467	3	f
2148	460	3	f
2149	460	3	f
2150	460	3	f
2151	460	3	f
2152	460	3	f
2153	460	3	f
2154	460	3	f
2155	583	2	\N
2156	583	2	\N
2157	583	2	\N
2158	583	2	\N
2159	583	2	\N
2160	583	2	\N
2161	583	2	\N
2162	583	2	\N
2164	515	2	\N
2165	515	2	\N
2166	493	2	\N
2167	493	7	\N
2168	475	2	\N
2169	475	7	\N
2170	475	2	\N
2171	475	7	\N
2172	475	2	\N
2173	583	7	\N
2174	583	2	\N
2175	583	2	\N
2176	582	2	\N
2177	582	2	\N
2178	582	2	\N
2179	582	2	\N
2180	582	7	\N
2181	582	2	\N
2182	582	2	\N
2183	582	2	\N
2184	582	2	\N
2185	582	2	\N
2186	582	2	\N
2187	582	2	\N
2188	582	2	\N
2189	582	2	\N
2191	582	2	\N
2192	582	2	\N
2193	582	7	\N
2194	582	7	\N
2195	582	7	\N
2196	582	7	\N
2197	582	7	\N
2199	582	7	\N
2200	468	7	\N
2201	468	7	\N
2202	468	7	\N
2203	468	7	\N
2204	469	2	\N
2205	469	2	\N
2206	469	7	\N
2207	469	7	\N
2208	469	7	\N
2209	469	7	\N
2210	499	7	\N
2211	499	7	\N
2212	499	2	\N
2213	499	2	\N
2214	499	7	\N
2215	499	2	\N
2216	499	7	\N
2217	499	7	\N
2218	452	2	f
2219	452	2	f
2222	452	2	f
2223	452	2	f
2224	452	2	f
2225	452	2	f
2226	452	2	f
2227	452	2	f
2228	452	2	f
2229	452	2	f
2230	452	2	f
2231	452	2	f
2232	452	2	f
2233	452	2	f
2234	452	2	f
2235	452	2	f
2236	452	2	f
2237	452	2	f
2238	452	7	f
2239	452	2	f
2240	452	2	f
2241	452	2	f
2242	499	2	\N
2243	499	7	\N
2244	499	7	\N
2245	499	7	\N
2246	477	2	\N
2247	477	7	\N
2248	477	7	\N
2249	452	7	f
2250	452	7	f
2251	452	7	f
2252	452	7	f
2253	452	7	f
2254	452	7	f
2255	452	7	f
2256	452	2	f
2257	474	2	\N
2258	474	2	\N
2259	474	2	\N
2260	474	7	\N
2261	474	7	\N
2262	474	7	\N
2263	474	7	\N
2264	474	7	\N
2265	5083	2	\N
2266	5083	2	\N
2267	5083	2	\N
2268	5083	7	\N
2269	5083	7	\N
2270	492	7	\N
2271	476	2	\N
2272	476	2	\N
2273	476	7	\N
2274	474	3	\N
2275	523	7	\N
2276	523	7	\N
2277	523	2	\N
2278	523	7	\N
2279	523	7	\N
2280	523	2	\N
2281	523	2	\N
2282	523	2	\N
2283	478	2	\N
2284	478	7	\N
2285	478	2	\N
2286	478	2	\N
2287	478	2	\N
2288	478	7	\N
2289	478	7	\N
2290	478	2	\N
2291	478	7	\N
2292	478	2	\N
2293	478	2	\N
2294	478	3	\N
2295	478	3	\N
2296	467	7	\N
2297	467	2	\N
2298	467	7	\N
2299	467	2	\N
2300	467	7	\N
2301	467	2	\N
2302	467	2	\N
2304	467	7	\N
2305	467	7	\N
2306	467	7	\N
2307	467	7	\N
2308	467	2	\N
2309	467	3	\N
2310	467	3	\N
2311	467	3	\N
2312	467	3	\N
2313	467	3	\N
2314	10919	2	f
2315	10887	7	f
2316	10887	3	f
2317	441	2	f
2318	441	2	f
2319	441	7	f
2320	441	7	f
2321	472	7	\N
2322	472	3	\N
2323	472	3	\N
2324	472	7	\N
2325	472	7	\N
2326	472	3	\N
2327	472	3	\N
2328	472	3	\N
2329	482	2	f
2330	482	7	f
2331	482	7	f
2332	482	2	f
2333	482	2	f
2334	482	7	f
2335	482	2	f
2336	482	2	f
2337	482	2	f
2338	482	7	f
2339	482	7	f
2340	584	2	\N
2341	584	2	\N
2342	584	2	\N
2343	584	2	\N
2344	584	7	\N
2345	584	7	\N
2346	480	2	\N
2347	480	2	\N
2348	480	7	\N
2349	480	7	\N
2350	480	7	\N
2351	480	7	\N
2352	485	2	f
2353	485	2	f
2354	485	2	f
2355	485	7	f
2356	485	7	f
2357	485	7	f
2358	485	7	f
2359	485	7	f
2360	442	7	\N
2362	442	7	\N
2363	442	7	\N
2364	442	2	\N
2365	464	7	\N
2366	464	7	\N
2367	442	2	\N
2368	464	7	\N
2369	481	7	\N
2370	481	2	\N
2371	481	7	\N
2372	481	7	\N
2373	445	7	\N
2374	445	2	\N
2375	445	2	\N
2376	464	7	\N
2377	449	7	\N
2378	456	2	\N
2379	456	2	\N
2380	456	7	\N
2382	456	2	\N
2383	449	7	\N
2384	473	7	\N
2385	449	7	\N
2386	449	7	\N
2387	473	7	\N
2388	473	7	\N
2389	473	2	\N
2390	481	7	\N
2391	449	7	\N
2392	449	7	\N
2393	449	7	\N
2394	449	2	\N
2395	449	2	\N
2396	449	2	\N
2397	449	2	\N
2398	449	2	\N
2399	449	2	\N
2400	449	2	\N
2401	449	2	\N
2402	473	2	\N
2403	473	2	\N
2404	515	2	\N
2405	515	2	\N
2406	515	2	\N
2407	515	7	\N
2408	515	7	\N
2409	515	7	\N
2410	515	7	\N
2411	515	2	\N
2412	515	2	\N
2413	515	2	\N
2414	449	7	\N
2415	449	2	\N
2416	444	7	\N
2417	444	7	\N
2418	444	7	\N
2419	448	3	\N
2420	444	7	\N
2421	448	3	\N
2422	444	7	\N
2423	448	2	\N
2424	448	2	\N
2425	448	2	\N
2426	448	2	\N
2427	448	7	\N
2428	448	2	\N
2429	448	2	\N
2430	448	7	\N
2431	444	7	\N
2432	448	7	\N
2433	448	7	\N
2434	448	7	\N
2435	448	7	\N
2436	448	7	\N
2437	448	2	\N
2438	448	2	\N
2439	448	7	\N
2440	498	3	\N
2441	498	2	\N
2442	498	2	\N
2443	498	2	\N
2444	498	2	\N
2445	498	7	\N
2446	498	7	\N
2448	498	7	\N
2449	498	7	\N
2450	444	7	\N
2451	444	7	\N
2452	498	7	\N
2453	498	2	\N
2454	498	7	\N
2455	498	2	\N
2456	498	2	\N
2457	498	7	\N
2459	496	7	\N
2460	496	7	\N
2461	496	7	\N
2462	496	3	\N
2464	496	7	\N
2465	496	3	\N
2466	496	3	\N
2467	460	7	\N
2468	460	3	\N
2469	450	7	\N
2470	499	2	\N
2471	452	2	\N
2472	452	2	\N
2473	452	2	\N
2474	452	2	\N
2475	496	7	\N
2476	460	2	\N
2477	460	2	\N
2478	460	7	\N
2479	469	2	\N
2480	469	7	\N
2481	475	7	\N
2482	475	2	\N
2483	475	7	\N
2484	475	2	\N
2485	475	2	\N
2486	5083	2	\N
2487	498	7	\N
2488	498	2	\N
2489	481	7	\N
2490	473	2	\N
2491	584	2	\N
2492	452	2	\N
2493	499	2	\N
2494	452	2	\N
2495	499	2	\N
2496	499	7	\N
2497	452	2	\N
2498	452	2	\N
2499	452	2	\N
2500	452	2	\N
2501	452	2	\N
2502	452	2	\N
2503	452	2	\N
2504	452	2	\N
2505	452	2	\N
2506	452	2	\N
2507	452	2	\N
2508	452	2	\N
2509	452	2	\N
2510	452	2	\N
2511	452	2	\N
2512	452	2	\N
2513	452	2	\N
2514	452	2	\N
2515	452	2	\N
2516	452	2	\N
2517	452	2	\N
2518	582	2	\N
2519	452	2	\N
2520	452	2	\N
2521	582	2	\N
2522	582	7	\N
2523	452	7	\N
2524	452	7	\N
2525	452	7	\N
2526	452	7	\N
2527	452	7	\N
2528	452	2	\N
2529	452	2	\N
2530	456	2	\N
2531	456	2	\N
2532	456	2	\N
2533	582	7	\N
2534	582	7	\N
2535	456	2	\N
2536	456	2	\N
2537	445	2	\N
2538	445	2	\N
2539	582	2	\N
2540	445	2	\N
2541	445	2	\N
2542	582	7	\N
2543	449	5	\N
2544	449	7	\N
2545	450	5	\N
2546	493	2	\N
2547	492	2	\N
2548	492	7	\N
2549	492	7	\N
2550	477	7	\N
2551	477	2	\N
2552	477	2	\N
2553	476	2	\N
2554	476	2	\N
2555	476	2	\N
2556	476	2	\N
2557	476	7	\N
2558	476	7	\N
2559	476	7	\N
2560	496	3	\N
2561	496	3	\N
2562	483	7	\N
2563	483	7	\N
2564	483	7	\N
2565	445	2	\N
2566	483	7	\N
2567	483	7	\N
2568	443	2	\N
2569	443	2	\N
2570	443	2	\N
2571	482	7	\N
2572	482	7	\N
2573	482	2	\N
2574	482	2	\N
2575	482	2	\N
2576	482	2	\N
2577	482	2	\N
2578	482	2	\N
2580	449	2	\N
2581	442	2	\N
2582	442	2	\N
2583	442	2	\N
2584	444	7	\N
2585	444	7	\N
2586	444	7	\N
2587	444	7	\N
2588	444	7	\N
2589	582	2	\N
2590	498	2	\N
2591	498	2	\N
2592	498	2	\N
2593	498	2	\N
2594	498	2	\N
2595	498	2	\N
2596	498	2	\N
2597	498	7	\N
2598	498	7	\N
2599	499	2	\N
2600	499	2	\N
2601	499	2	\N
2602	499	7	\N
2603	499	7	\N
2604	499	7	\N
2605	499	2	\N
2606	499	2	\N
2607	499	2	\N
2608	523	2	\N
2609	523	7	\N
2610	523	7	\N
2611	523	7	\N
2612	523	2	\N
2613	523	2	\N
2614	523	2	\N
2615	481	2	\N
2616	481	7	\N
2617	481	2	\N
2619	474	7	\N
2620	474	7	\N
2621	475	2	\N
2622	475	2	\N
2625	475	7	\N
2626	475	7	\N
2627	448	2	\N
2628	448	2	\N
2629	480	2	\N
2630	582	2	\N
2631	478	2	\N
2632	480	2	\N
2633	478	2	\N
2634	480	2	\N
2635	480	2	\N
2636	478	2	\N
2637	478	2	\N
2638	478	2	\N
2639	478	2	\N
2640	478	2	\N
2641	478	2	\N
2642	480	7	\N
2643	478	7	\N
2644	478	7	\N
2645	478	7	\N
2646	478	7	\N
2647	478	7	\N
2648	480	7	\N
2649	480	7	\N
2650	478	7	\N
2651	478	3	\N
2652	478	3	\N
2653	467	3	\N
2654	460	7	\N
2655	460	2	\N
2656	478	3	\N
2657	584	2	\N
2658	584	2	\N
2659	584	2	\N
2660	584	2	\N
2661	584	7	\N
2662	584	7	\N
2663	467	7	\N
2664	515	2	\N
2665	467	7	\N
2666	515	2	\N
2667	515	2	\N
2668	515	2	\N
2669	515	7	\N
2670	515	7	\N
2671	515	7	\N
2672	515	7	\N
2673	448	2	\N
2674	448	7	\N
2675	448	2	\N
2676	448	2	\N
2677	448	2	\N
2678	448	2	\N
2679	448	7	\N
2680	448	7	\N
2681	448	3	\N
2682	448	2	\N
2683	448	3	\N
2684	448	7	\N
2685	448	7	\N
2686	448	7	\N
2687	448	2	\N
2688	468	2	\N
2689	468	2	\N
2690	468	2	\N
2691	468	7	\N
2692	468	7	\N
2693	468	7	\N
2694	442	2	\N
2695	442	7	\N
2696	467	2	\N
2697	467	2	\N
2698	467	2	\N
2700	467	2	\N
2701	467	2	\N
2702	467	2	\N
2703	467	2	\N
2704	467	2	\N
2705	467	2	\N
2706	467	2	\N
2707	467	7	\N
2708	467	7	\N
2709	467	7	\N
2710	467	7	\N
2711	467	7	\N
2712	467	7	\N
2713	467	3	\N
2714	467	3	\N
2715	469	2	\N
2716	469	2	\N
2717	469	2	\N
2718	469	2	\N
2719	469	2	\N
2720	469	7	\N
2721	469	7	\N
2722	472	7	\N
2723	472	7	\N
2724	472	7	\N
2725	472	7	\N
2726	472	3	\N
2727	472	7	\N
2728	460	2	\N
2729	460	7	\N
2730	460	7	\N
2731	460	7	\N
2732	460	7	\N
2733	460	3	\N
2734	460	2	\N
2735	460	7	\N
2736	460	2	\N
2737	460	7	\N
2738	460	5	\N
2739	460	3	\N
2740	460	10	\N
2741	460	10	\N
2742	460	3	\N
2743	460	2	\N
2744	460	2	\N
2745	460	2	\N
2746	460	3	\N
2747	464	7	\N
2748	464	2	\N
2749	464	7	\N
2750	464	10	\N
2751	464	7	\N
2752	464	2	\N
2753	464	7	\N
2754	482	2	\N
2755	448	2	\N
2756	452	2	\N
2757	452	2	\N
2758	449	7	\N
2759	449	7	\N
2761	460	10	\N
2762	460	3	\N
2763	482	2	\N
2764	483	7	\N
2765	483	7	\N
2766	483	3	\N
2767	483	7	\N
2768	483	7	\N
2769	460	7	\N
2770	460	3	\N
2771	460	7	\N
2772	460	7	\N
2773	460	7	\N
2774	460	7	\N
2775	460	7	\N
2776	460	3	\N
2777	460	3	\N
2778	460	2	\N
2779	460	2	\N
2780	460	7	\N
2781	460	7	\N
2782	460	3	\N
2783	583	2	\N
2784	5083	7	f
2785	5083	7	f
2786	5083	2	f
2787	5083	2	f
2788	5083	2	f
2789	5083	7	f
2790	498	7	f
2791	498	2	f
2792	498	2	f
2793	498	7	f
2794	498	3	f
2795	444	7	f
2796	499	7	f
2798	499	7	f
2799	499	2	f
2800	499	7	f
2801	499	2	f
2802	499	2	f
2803	443	2	\N
2804	443	2	\N
2805	443	7	\N
2806	443	2	\N
2807	473	7	f
2808	582	2	\N
2809	582	2	\N
2810	582	7	\N
2811	582	2	\N
2812	582	7	\N
2813	582	2	\N
2814	582	2	\N
2815	582	2	\N
2816	582	2	\N
2817	582	7	\N
2818	582	7	\N
2819	441	3	\N
2820	523	7	f
2821	448	7	f
2822	473	2	\N
2823	499	2	\N
2824	498	7	\N
2825	498	7	\N
2826	498	2	\N
2827	460	2	\N
2828	443	2	\N
2829	472	3	\N
2830	472	7	\N
2831	472	7	\N
2832	472	7	\N
2833	472	3	\N
2834	483	7	\N
2835	582	2	\N
2836	582	2	\N
2837	482	2	\N
2838	482	7	\N
2839	452	2	\N
2840	452	2	\N
2841	452	2	\N
2842	452	2	\N
2843	452	2	\N
2844	452	2	\N
2845	452	7	\N
2846	456	2	\N
2847	445	2	\N
2848	477	2	\N
2849	477	7	\N
2850	476	2	\N
2851	476	7	\N
2852	476	3	\N
2853	483	7	\N
2854	460	2	\N
2855	460	7	\N
2856	460	7	\N
2857	460	3	\N
2858	464	2	\N
2859	464	7	\N
2860	465	2	\N
2861	465	7	\N
2862	468	2	\N
2863	467	2	\N
2864	469	2	\N
2865	469	7	\N
2866	468	7	\N
2867	467	7	\N
2868	482	2	\N
2869	582	2	\N
2870	582	2	\N
2871	448	7	\N
2872	472	7	\N
2873	472	3	\N
2874	472	7	\N
2875	467	7	\N
2876	467	3	\N
2877	474	2	\N
2878	474	7	\N
2879	474	3	\N
2880	475	2	\N
2881	475	7	\N
2882	498	2	\N
2883	498	7	\N
2884	442	2	\N
2885	444	7	\N
2886	499	2	\N
2887	478	7	\N
2888	478	7	\N
2889	478	3	\N
2890	478	7	\N
2891	478	3	\N
2892	478	3	\N
2893	478	7	\N
2894	478	2	\N
2895	480	2	\N
2896	499	7	\N
2897	480	2	\N
2898	473	2	\N
2899	480	7	\N
2900	480	7	\N
2901	473	7	\N
2902	2146	3	\N
2903	533	2	\N
2904	449	7	\N
2905	449	10	\N
2906	450	7	\N
2907	481	2	\N
2908	481	7	\N
2909	478	2	\N
2910	478	7	\N
2911	478	3	\N
2912	480	2	\N
2913	480	7	\N
2914	584	2	\N
2915	584	7	\N
2916	572	2	\N
2917	572	7	\N
2918	523	2	\N
2919	523	7	\N
2920	509	2	\N
2921	509	7	\N
2922	509	3	\N
2923	1755	2	\N
2924	515	2	\N
2925	448	2	\N
2926	448	7	\N
2927	485	2	\N
2928	485	7	\N
2929	582	2	\N
2930	582	7	\N
2931	452	2	\N
2932	452	7	\N
2933	456	2	\N
2934	476	2	\N
2935	477	2	\N
2936	477	7	\N
2937	476	7	\N
2938	483	7	\N
2939	460	7	\N
2940	464	7	\N
2941	482	2	\N
2942	448	7	\N
2943	448	7	\N
2944	452	7	\N
2945	460	7	\N
2946	460	7	\N
2947	464	7	\N
2948	468	2	\N
2949	467	2	\N
2950	467	2	\N
2951	467	2	\N
2952	536	2	\N
2953	469	2	\N
2954	468	2	\N
2955	469	2	\N
2956	469	7	\N
2957	469	2	\N
2958	468	7	\N
2959	469	2	\N
2960	536	2	\N
2961	536	2	\N
2962	468	2	\N
2963	536	7	\N
2964	469	2	\N
2965	467	2	\N
2966	467	2	\N
2967	467	3	\N
2968	467	7	\N
2969	472	3	\N
2970	472	7	\N
2971	474	7	\N
2972	475	2	\N
2973	475	7	\N
2974	499	2	\N
2975	499	7	\N
2976	473	2	\N
2977	473	2	\N
2978	449	2	\N
2979	449	2	\N
2980	449	2	\N
2981	449	2	\N
2982	481	7	\N
2983	481	7	\N
2984	473	2	\N
2985	449	2	\N
2986	449	7	\N
2987	533	2	\N
2988	481	7	\N
2989	478	7	\N
2990	478	3	\N
2991	480	7	\N
2992	480	2	\N
2993	478	2	\N
2994	584	7	\N
2995	445	2	\N
2996	523	7	\N
2997	509	7	\N
2998	509	2	\N
2999	448	2	\N
3000	515	2	\N
3001	515	7	\N
3002	582	2	\N
3003	482	2	\N
3004	482	2	\N
3005	482	2	\N
3006	448	3	\N
3007	448	7	\N
3008	448	7	\N
3009	448	7	\N
3010	448	7	\N
3011	448	7	\N
3012	448	7	\N
3013	515	7	\N
3014	515	7	\N
3015	448	2	\N
3016	448	2	\N
3017	448	2	\N
3018	515	2	\N
3019	515	2	\N
3020	515	2	\N
3021	448	7	\N
3022	515	7	\N
3023	452	2	\N
3024	452	7	\N
3025	456	2	\N
3026	456	2	\N
3027	515	7	\N
3028	515	2	\N
3029	448	2	\N
3030	448	2	\N
3031	509	2	\N
3032	509	7	\N
3033	523	7	\N
3034	584	7	\N
3035	478	7	\N
3036	478	7	\N
3037	478	7	\N
3038	478	7	\N
3039	478	3	\N
3040	478	3	\N
3041	478	2	\N
3042	478	3	\N
3043	480	2	\N
3044	480	2	\N
3045	480	2	\N
3046	480	7	\N
3047	480	7	\N
3048	481	7	\N
3049	481	7	\N
3050	481	2	\N
3051	473	2	\N
3052	473	2	\N
3053	473	2	\N
3054	473	2	\N
3055	445	2	\N
3056	477	2	\N
3057	476	2	\N
3058	477	7	\N
3059	476	7	\N
3060	483	7	\N
3061	482	7	\N
3062	492	2	\N
3063	496	7	\N
3064	496	3	\N
3065	460	7	\N
3066	460	2	\N
3067	460	3	\N
3068	464	2	\N
3069	464	7	\N
3070	468	2	\N
3071	468	7	\N
3072	469	2	\N
3073	469	7	\N
3074	467	2	\N
3075	467	7	\N
3076	472	7	\N
3077	474	7	\N
3078	467	3	\N
3079	474	7	\N
3080	474	3	\N
3081	475	7	\N
3082	572	7	\N
3083	472	3	\N
3084	475	2	\N
3085	475	2	\N
3086	498	2	\N
3087	498	7	\N
3088	474	2	\N
3089	474	7	\N
3090	474	3	\N
3091	475	2	\N
3092	475	7	\N
3093	498	2	\N
3094	498	7	\N
3095	444	7	\N
3096	444	7	\N
3097	444	7	\N
3098	499	7	\N
3099	442	2	\N
3100	460	7	\N
3101	460	7	\N
3102	460	7	\N
3103	460	7	\N
3104	469	7	\N
3105	469	7	\N
3106	468	7	\N
3107	467	7	\N
3108	467	7	\N
3109	467	7	\N
3110	472	7	\N
3111	477	7	\N
3112	477	7	\N
3113	477	2	\N
3114	477	2	\N
3115	476	2	\N
3116	476	2	\N
3117	476	7	\N
3118	476	7	\N
3119	452	2	\N
3120	452	2	\N
3122	452	2	\N
3123	452	2	\N
3124	452	2	\N
3125	452	2	\N
3126	452	2	\N
3127	452	7	\N
3128	456	2	\N
3129	456	2	\N
3130	452	2	\N
3131	452	2	\N
3133	452	2	\N
3134	452	2	\N
3135	452	2	\N
3136	452	2	\N
3137	452	7	\N
3138	449	2	\N
3139	449	2	\N
3140	449	2	\N
3141	449	2	\N
3142	449	2	\N
3144	533	2	\N
3145	449	2	\N
3146	449	7	\N
3147	485	2	\N
3148	485	7	\N
3149	485	2	\N
3150	485	2	\N
3151	485	2	\N
3152	485	2	\N
3153	485	2	\N
3155	582	2	\N
3156	582	2	\N
3157	582	2	\N
3158	582	2	\N
3159	582	2	\N
3160	482	2	\N
3161	482	2	\N
3162	482	2	\N
3163	482	2	\N
3164	448	7	\N
3165	448	7	\N
3166	448	7	\N
3167	448	7	\N
3168	448	2	\N
3169	448	2	\N
3170	448	2	\N
3171	448	2	\N
3172	448	2	\N
3173	448	2	\N
3174	448	7	\N
3175	515	2	\N
3176	515	2	\N
3177	515	2	\N
3178	515	2	\N
3179	448	2	\N
3180	509	2	\N
3181	509	2	\N
3182	523	2	\N
3183	523	7	\N
3184	584	2	\N
3185	584	2	\N
3186	584	2	\N
3187	481	7	\N
3188	481	2	\N
3189	481	7	\N
3190	481	2	\N
3191	480	2	\N
3192	480	2	\N
3193	480	2	\N
3194	478	2	\N
3195	480	7	\N
3196	480	7	\N
3197	480	7	\N
3198	478	2	\N
3199	478	2	\N
3200	478	2	\N
3201	478	2	\N
3202	478	7	\N
3203	478	7	\N
3204	478	7	\N
3205	478	7	\N
3206	478	7	\N
3207	478	3	\N
3208	478	3	\N
3209	469	7	\N
3210	469	7	\N
3211	468	7	\N
3212	474	2	\N
3213	473	7	\N
3214	473	7	\N
3215	473	2	\N
3216	473	2	\N
3217	473	2	\N
3218	473	2	\N
3219	444	7	\N
3220	444	7	\N
3221	444	7	\N
3222	499	7	\N
3223	499	7	\N
3224	499	7	\N
3225	499	2	\N
3226	499	2	\N
3227	499	2	\N
3228	442	2	\N
3229	442	2	\N
3230	542	7	\N
3231	542	3	\N
3232	498	7	\N
3233	498	7	\N
3234	498	7	\N
3235	498	2	\N
3236	498	2	\N
3237	498	2	\N
3238	498	7	\N
3239	460	7	\N
3240	475	2	\N
3241	475	2	\N
3242	475	2	\N
3243	475	7	\N
3244	475	7	\N
3245	474	7	\N
3246	474	7	\N
3247	474	7	\N
3248	474	7	\N
3249	474	3	\N
3250	477	7	\N
3251	476	7	\N
3252	476	7	\N
3253	533	2	\N
3254	449	2	\N
3255	449	2	\N
3256	449	2	\N
3257	449	2	\N
3258	449	2	\N
3259	449	7	\N
3260	449	7	\N
3261	449	7	\N
3262	460	7	\N
3263	460	7	\N
3264	460	7	\N
3265	460	3	\N
3266	460	3	\N
3267	464	7	\N
3268	452	7	\N
3269	452	7	\N
3270	452	2	\N
3271	452	2	\N
3272	452	2	\N
3273	452	2	\N
3274	452	2	\N
3275	452	2	\N
3276	452	2	\N
3277	452	2	\N
3278	452	2	\N
3279	452	2	\N
3280	452	2	\N
3281	452	2	\N
3282	452	2	\N
3283	452	2	\N
3284	452	2	\N
3285	452	2	\N
3286	485	2	\N
3287	485	2	\N
3288	485	2	\N
3289	485	2	\N
3290	485	2	\N
3291	485	7	\N
3292	485	2	\N
3293	485	2	\N
3294	482	2	\N
3295	482	2	\N
3296	482	2	\N
3297	482	2	\N
3298	482	2	\N
3299	482	2	\N
3300	482	2	\N
3301	482	2	\N
3302	582	2	\N
3303	582	2	\N
3304	582	2	\N
3305	582	2	\N
3306	582	2	\N
3307	582	2	\N
3308	582	2	\N
3309	582	2	\N
3310	582	2	\N
3311	582	2	\N
3312	582	2	\N
3313	509	7	\N
3314	509	2	\N
3315	509	2	\N
3316	509	2	\N
3317	523	7	\N
3318	523	2	\N
3319	460	3	\N
3320	523	2	\N
3321	460	3	\N
3322	523	2	\N
3323	523	7	\N
3324	504	2	\N
3325	584	7	\N
3326	584	2	\N
3327	584	2	\N
3328	584	2	\N
3329	478	7	\N
3330	478	7	\N
3331	478	7	\N
3332	478	7	\N
3333	478	3	\N
3334	478	3	\N
3335	478	2	\N
3336	478	2	\N
3337	478	2	\N
3338	478	2	\N
3339	478	2	\N
3340	478	7	\N
3341	480	2	\N
3342	480	2	\N
3343	480	2	\N
3344	480	2	\N
3345	480	2	\N
3346	480	7	\N
3347	480	7	\N
3348	480	7	\N
3349	448	7	\N
3350	448	7	\N
3351	448	7	\N
3352	448	7	\N
3353	448	7	\N
3354	448	7	\N
3355	448	2	\N
3356	448	2	\N
3357	448	2	\N
3358	448	2	\N
3359	448	2	\N
3360	448	2	\N
3361	448	2	\N
3362	448	2	\N
3363	448	2	\N
3364	515	2	\N
3365	515	2	\N
3366	515	2	\N
3367	515	2	\N
3368	1991	2	\N
3369	442	2	\N
3370	444	7	\N
3371	499	2	\N
3372	499	7	\N
3373	473	2	\N
3374	473	7	\N
3375	533	2	\N
3376	449	5	\N
3377	449	7	\N
3378	449	3	\N
3379	449	10	\N
3380	481	7	\N
3381	481	2	\N
3382	481	7	\N
3383	481	2	\N
3384	481	2	\N
3386	473	7	\N
3387	473	7	\N
3388	473	7	\N
3389	473	3	\N
3390	473	2	\N
3391	450	7	\N
3392	473	2	\N
3393	450	3	\N
3394	473	2	\N
3395	450	10	\N
3396	473	2	\N
3397	473	2	\N
3398	481	2	\N
3399	481	7	\N
3400	499	7	\N
3401	499	7	\N
3402	499	2	\N
3403	499	2	\N
3404	499	2	\N
3405	478	2	\N
3406	499	2	\N
3407	478	7	\N
3408	478	3	\N
3409	480	2	\N
3410	499	2	\N
3411	480	7	\N
3412	499	2	\N
3413	542	7	\N
3414	542	3	\N
3415	498	7	\N
3416	498	7	\N
3417	584	2	\N
3418	498	7	\N
3419	584	7	\N
3420	504	2	\N
3421	523	2	\N
3422	523	7	\N
3423	509	2	\N
3424	509	7	\N
3425	509	3	\N
3426	515	2	\N
3427	498	2	\N
3428	498	2	\N
3429	498	2	\N
3430	498	2	\N
3431	498	2	\N
3432	448	2	\N
3433	448	7	\N
3434	498	7	\N
3435	474	7	\N
3436	482	2	\N
3437	474	7	\N
3438	474	7	\N
3439	474	7	\N
3440	482	7	\N
3441	582	2	\N
3442	474	2	\N
3443	485	2	\N
3444	485	7	\N
3445	474	2	\N
3446	2146	3	\N
3447	1777	2	\N
3448	441	2	\N
3449	474	2	\N
3450	474	2	\N
3451	474	3	\N
3452	475	2	\N
3453	475	2	\N
3454	475	2	\N
3455	475	7	\N
3456	475	7	\N
3457	444	7	\N
3458	444	7	\N
3459	444	7	\N
3460	444	7	\N
3461	442	2	\N
3463	442	2	\N
3464	442	2	\N
3467	476	2	\N
3468	465	2	\N
3469	11856	2	\N
3470	465	2	\N
3471	465	2	\N
3472	465	7	\N
3473	465	7	\N
3474	460	2	\N
3475	468	7	\N
3476	464	2	\N
3477	464	2	\N
3478	464	7	\N
3479	469	2	\N
3480	464	7	\N
3481	464	3	\N
3482	483	7	\N
3483	483	7	\N
3485	474	2	\N
3486	483	7	\N
3487	483	7	\N
3488	483	7	\N
3489	475	2	\N
3490	481	3	\N
3491	477	2	\N
3492	477	2	\N
3493	477	2	\N
3494	477	2	\N
3495	477	2	\N
3496	477	7	\N
3497	477	7	\N
3498	477	7	\N
3499	477	7	\N
3500	460	3	\N
3501	460	3	\N
3502	460	3	\N
3503	460	2	\N
3504	460	2	\N
3505	460	2	\N
3506	460	2	\N
3507	460	2	\N
3508	460	7	\N
3509	460	7	\N
3510	460	7	\N
3511	460	7	\N
3512	460	7	\N
3513	476	3	\N
3514	476	3	\N
3515	476	2	\N
3516	476	2	\N
3517	476	2	\N
3518	476	2	\N
3519	476	7	\N
3520	476	7	\N
3521	473	7	\N
3522	476	7	\N
3523	476	7	\N
3524	450	7	\N
3525	481	2	\N
3526	478	3	\N
3527	480	7	\N
3528	480	7	\N
3529	523	7	\N
3530	523	2	\N
3531	448	2	\N
3532	533	2	\N
3534	449	2	\N
3536	449	2	\N
3537	472	7	\N
3539	472	7	\N
3540	472	3	\N
3541	467	3	\N
3542	467	7	\N
3543	467	7	\N
3544	467	7	\N
3545	467	7	\N
3546	499	7	f
3547	499	7	f
3549	467	7	\N
3550	499	7	f
3551	499	2	f
3552	467	7	\N
3553	499	7	f
3554	467	7	\N
3555	467	7	\N
3556	499	7	f
3557	467	2	\N
3558	467	2	\N
3559	498	2	f
3560	498	7	f
3561	467	2	\N
3562	467	2	\N
3563	498	7	f
3564	498	7	f
3565	467	2	\N
3566	498	7	f
3567	498	2	f
3568	467	3	\N
3569	441	2	f
3570	441	7	f
3571	523	2	f
3572	572	2	\N
3573	572	2	\N
3574	523	7	f
3575	523	2	f
3576	523	7	f
3577	523	2	f
3578	523	7	f
3579	523	7	f
3580	523	2	f
3581	448	2	\N
3582	1056	7	\N
3583	1056	7	\N
3584	1056	2	\N
3585	1056	2	\N
3586	1056	2	\N
3587	469	7	\N
3588	469	7	\N
3589	469	2	\N
3590	469	2	\N
3591	469	2	\N
3592	469	2	\N
3593	536	2	\N
3594	536	2	\N
3596	536	2	\N
3597	536	2	\N
3598	536	2	\N
3599	536	7	\N
3600	468	7	\N
3601	468	2	\N
3602	468	2	\N
3603	452	7	\N
3604	452	7	\N
3605	452	2	\N
3606	452	2	\N
3607	452	2	\N
3608	452	2	\N
3609	452	2	\N
3610	452	2	\N
3611	452	2	\N
3612	452	2	\N
3613	452	2	\N
3614	452	2	\N
3615	452	2	\N
3616	10919	2	f
3617	10887	3	f
3618	452	2	\N
3619	10887	7	f
3621	452	2	\N
3622	452	2	\N
3623	452	2	\N
3624	456	2	\N
3625	456	2	\N
3626	456	2	\N
3627	515	2	f
3628	515	2	f
3629	515	2	f
3630	515	2	f
3631	515	2	f
3632	515	7	f
3633	515	7	f
3634	515	7	f
3635	515	7	f
3636	515	2	f
3637	515	7	f
3638	485	7	\N
3639	485	7	\N
3640	485	7	\N
3641	485	2	\N
3642	485	2	\N
3643	482	7	\N
3644	482	2	\N
3645	482	2	\N
3646	582	2	\N
3647	448	7	\N
3648	448	7	\N
3649	448	7	\N
3650	448	7	\N
3651	448	7	\N
3652	448	7	\N
3653	448	7	\N
3654	448	2	\N
3655	448	2	\N
3656	448	2	\N
3657	448	2	\N
3658	448	2	\N
3660	448	2	\N
3661	448	2	\N
3662	448	2	\N
3663	448	2	\N
3664	448	2	\N
3665	448	2	\N
3666	515	2	\N
3667	515	2	\N
3668	515	2	\N
3669	515	2	\N
3670	441	2	\N
3671	523	2	\N
3672	523	7	\N
3673	523	7	\N
3674	523	7	\N
3675	523	7	\N
3676	523	2	\N
3677	523	2	\N
3678	584	7	\N
3679	584	2	\N
3680	584	2	\N
3681	584	2	\N
3682	584	2	\N
3683	481	7	\N
3684	481	2	\N
3685	481	2	\N
3686	481	2	\N
3687	478	3	\N
3688	478	3	\N
3689	478	3	\N
3690	480	7	\N
3691	480	7	\N
3692	480	7	\N
3693	478	7	\N
3694	478	7	\N
3695	478	7	\N
3696	478	7	\N
3697	478	7	\N
3698	448	2	f
3699	448	2	f
3700	478	2	\N
3701	478	2	\N
3702	448	7	f
3703	478	2	\N
3704	478	2	\N
3705	478	2	\N
3706	448	2	f
3707	448	7	f
3708	478	2	\N
3709	478	7	\N
3710	478	2	\N
3711	478	7	\N
3712	448	7	f
3713	478	2	\N
3714	448	7	f
3715	448	7	f
3716	448	7	f
3717	480	2	\N
3718	448	3	f
3719	448	3	f
3720	480	2	\N
3721	480	2	\N
3722	480	2	\N
3723	448	2	f
3724	448	7	f
3725	448	2	f
3726	473	2	f
3727	473	7	f
3728	473	7	f
3729	473	7	f
3730	449	7	\N
3731	449	10	\N
3732	473	2	f
3733	450	10	\N
3734	450	7	\N
3735	473	2	f
3736	504	2	\N
3737	444	7	f
3738	444	7	f
3739	473	7	\N
3740	473	2	\N
3741	473	2	\N
3742	473	2	\N
3743	473	2	\N
3744	444	7	f
3745	444	7	f
3746	499	7	\N
3747	499	7	\N
3748	442	7	f
3749	499	7	\N
3750	442	7	f
3751	442	7	f
3752	499	2	\N
3753	499	2	\N
3754	442	2	f
3755	499	2	\N
3756	442	2	f
3757	443	2	\N
3758	499	2	\N
3759	443	2	\N
3760	499	7	\N
3761	443	7	\N
3762	443	2	\N
3763	442	2	\N
3764	442	2	\N
3765	442	2	\N
3766	442	2	\N
3767	444	7	\N
3768	444	7	\N
3769	444	7	\N
3770	444	7	\N
3771	443	7	\N
3772	444	7	\N
3773	481	2	f
3774	498	7	\N
3775	498	7	\N
3776	481	7	f
3777	481	7	f
3778	498	2	\N
3779	498	2	\N
3780	498	2	\N
3781	478	2	f
3782	498	2	\N
3783	498	2	\N
3784	478	2	f
3785	478	2	f
3786	498	2	\N
3787	478	2	f
3788	478	7	f
3789	478	3	f
3790	478	3	f
3791	498	2	\N
3792	478	2	f
3793	478	2	f
3794	478	2	f
3795	478	2	f
3796	478	2	f
3797	474	7	\N
3798	474	7	\N
3799	474	3	\N
3800	474	7	\N
3801	474	2	\N
3802	474	2	\N
3803	474	2	\N
3804	474	2	\N
3805	475	7	\N
3806	475	7	\N
3807	475	2	\N
3808	475	2	\N
3809	475	2	\N
3810	475	2	\N
3811	460	3	\N
3812	460	3	\N
3813	460	7	\N
3814	460	7	\N
3815	460	7	\N
3816	478	7	f
3817	460	7	\N
3818	478	7	f
3819	460	7	\N
3820	478	7	f
3821	460	3	\N
3822	480	7	f
3823	480	7	f
3824	460	7	\N
3825	480	7	f
3826	460	2	\N
3827	480	2	f
3828	460	2	\N
3829	460	2	\N
3830	480	7	f
3831	460	2	\N
3832	584	2	f
3833	460	2	\N
3834	460	2	\N
3835	584	2	f
3836	584	2	f
3837	584	2	f
3838	464	2	\N
3839	464	2	\N
3840	464	7	\N
3841	464	7	\N
3842	584	2	f
3843	464	7	\N
3844	584	2	f
3845	445	2	\N
3846	445	2	\N
3847	445	2	\N
3848	456	2	\N
3849	456	2	\N
3850	456	2	\N
3851	456	2	\N
3852	456	2	\N
3853	456	2	\N
3854	477	2	\N
3855	477	2	\N
3856	477	2	\N
3857	476	2	\N
3858	476	2	\N
3859	476	2	\N
3860	476	2	\N
3861	476	7	\N
3862	476	7	\N
3863	476	7	\N
3864	477	7	\N
3865	483	7	\N
3866	483	7	\N
3867	483	7	\N
3868	483	7	\N
3869	483	7	\N
3870	584	7	f
3871	584	7	f
3872	485	7	f
3873	496	3	\N
3874	485	7	f
3875	496	3	\N
3876	485	7	f
3877	485	7	f
3878	485	2	f
3879	496	7	\N
3880	485	2	f
3881	485	2	f
3882	496	7	\N
3883	485	7	f
3884	485	7	f
3885	482	2	f
3886	482	7	f
3887	482	7	f
3888	482	2	f
3889	492	2	\N
3890	482	7	f
3891	482	2	f
3892	452	7	\N
3893	452	7	\N
3894	482	7	f
3895	482	7	f
3896	582	2	f
3897	452	7	\N
3898	582	2	f
3899	582	2	f
3900	582	2	f
3901	582	2	f
3902	582	7	f
3903	582	2	f
3904	582	2	f
3905	582	2	f
3906	452	2	\N
3907	582	2	f
3908	582	2	f
3909	582	2	f
3910	582	2	f
3911	582	2	f
3912	582	2	f
3913	582	2	f
3914	452	2	\N
3915	582	2	f
3916	582	2	f
3917	452	2	\N
3918	582	2	f
3919	452	2	\N
3920	452	2	\N
3921	582	7	f
3922	582	7	f
3923	582	7	f
3924	582	7	f
3925	582	7	f
3926	582	7	f
3927	582	7	f
3928	452	2	\N
3929	582	7	f
3930	582	7	f
3931	582	2	f
3932	582	2	f
3933	452	2	\N
3934	452	2	\N
3935	452	2	\N
3936	452	2	\N
3937	468	7	\N
3938	468	7	\N
3939	468	2	\N
3940	468	2	\N
3941	468	2	\N
3942	472	3	\N
3943	472	3	\N
3944	472	7	\N
3945	472	7	\N
3946	472	7	\N
3947	469	7	\N
3948	469	7	\N
3949	469	2	\N
3950	469	2	\N
3951	469	2	\N
3952	469	2	\N
3953	467	3	\N
3954	467	3	\N
3955	467	7	\N
3956	467	7	\N
3957	467	7	\N
3958	467	7	\N
3959	467	7	\N
3960	467	2	\N
3961	467	2	\N
3962	467	2	\N
3963	467	2	\N
3964	467	2	\N
3965	467	2	\N
3966	467	2	\N
3967	467	2	\N
3968	467	2	\N
3969	467	2	\N
3970	485	2	\N
3971	485	2	\N
3972	485	2	\N
3973	485	2	\N
3974	485	7	\N
3975	485	7	\N
3976	482	7	\N
3977	482	2	\N
3978	482	2	\N
3979	582	2	\N
3980	515	7	\N
3981	515	2	\N
3982	515	2	\N
3983	515	2	\N
3984	515	2	\N
3985	515	2	\N
3986	448	7	\N
3987	448	7	\N
3988	448	7	\N
3989	448	7	\N
3990	448	7	\N
3991	448	7	\N
3992	448	7	\N
3993	448	2	\N
3994	448	2	\N
3995	448	2	\N
3996	448	2	\N
3998	448	2	\N
3999	448	2	\N
4000	448	2	\N
4001	448	2	\N
4002	448	2	\N
4003	523	2	\N
4004	523	7	\N
4005	523	2	\N
4006	523	2	\N
4007	523	2	\N
4008	523	7	\N
4009	523	7	\N
4010	584	7	\N
4011	584	7	\N
4012	584	2	\N
4013	583	7	f
4014	583	2	f
4015	583	2	f
4016	452	2	\N
4017	448	2	f
4018	584	2	\N
4019	584	2	\N
4020	584	2	\N
4021	584	2	\N
4022	452	2	\N
4023	452	2	\N
4024	452	2	\N
4025	452	2	\N
4026	452	2	\N
4027	452	2	\N
4028	452	7	\N
4029	452	7	\N
4030	452	7	\N
4031	452	7	\N
4032	452	7	\N
4033	452	7	\N
4034	452	7	\N
4035	452	7	\N
4036	456	2	\N
4037	456	2	\N
4038	456	2	\N
4039	456	7	\N
4040	445	2	\N
4041	445	2	\N
4042	445	7	\N
4043	477	2	\N
4044	477	7	\N
4045	476	2	\N
4046	476	2	\N
4047	476	7	f
4048	483	7	\N
4049	483	7	\N
4051	483	3	f
4052	483	7	f
4053	483	7	f
4054	483	7	f
4055	483	7	\N
4056	483	7	f
4057	481	2	\N
4058	496	3	f
4059	481	7	\N
4060	481	7	\N
4061	496	3	f
4062	496	7	f
4063	496	7	f
4064	481	2	\N
4065	496	7	f
4066	492	7	\N
4067	493	2	f
4068	473	7	\N
4069	493	7	f
4070	473	2	\N
4071	473	2	\N
4072	473	2	\N
4073	449	7	\N
4074	449	3	\N
4075	499	7	\N
4076	499	7	\N
4077	449	7	\N
4078	449	3	\N
4079	499	7	\N
4080	460	7	f
4081	460	3	f
4082	499	2	\N
4083	460	7	f
4084	460	7	f
4085	499	2	\N
4086	499	2	\N
4087	499	2	\N
4088	499	2	\N
4089	442	2	\N
4090	442	2	\N
4091	442	2	\N
4092	442	2	\N
4093	444	7	\N
4094	444	7	\N
4095	444	7	\N
4096	444	7	\N
4097	444	7	\N
4098	444	7	\N
4099	460	7	f
4100	460	7	f
4101	460	3	f
4102	460	3	f
4103	460	2	f
4104	460	7	f
4105	460	3	f
4106	460	7	f
4108	460	3	f
4109	464	7	f
4110	464	7	f
4111	464	7	f
4112	464	7	f
4113	467	2	f
4114	467	2	f
4115	467	2	f
4116	467	2	f
4117	467	7	f
4118	467	7	f
4119	467	7	f
4120	467	7	f
4121	467	7	f
4122	467	7	f
4123	467	3	f
4124	467	3	f
4125	467	3	f
4126	469	2	f
4127	469	2	f
4128	469	7	f
4129	469	7	f
4130	469	7	f
4131	469	7	f
4132	468	7	f
4133	468	7	f
4134	468	7	f
4135	472	7	f
4136	472	7	f
4137	472	7	f
4138	472	3	f
4139	472	3	f
4140	472	3	f
4141	469	7	f
4142	11949	3	f
4143	10647	2	\N
4144	474	2	f
4145	474	2	f
4146	474	7	f
4147	474	7	f
4148	474	7	f
4149	474	3	f
4150	474	7	f
4151	474	7	f
4152	475	2	f
4153	475	7	f
4154	475	7	f
4155	475	2	f
4156	582	7	f
4157	498	7	\N
4158	498	7	\N
4159	498	2	\N
4160	498	2	\N
4161	498	2	\N
4162	498	2	\N
4163	498	2	\N
4164	498	2	\N
4165	498	2	\N
4166	498	2	\N
4167	474	7	\N
4168	474	7	\N
4169	474	7	\N
4170	474	2	\N
4171	475	2	\N
4172	475	2	\N
4174	475	7	\N
4175	475	7	\N
4176	480	2	\N
4177	480	2	\N
4178	480	2	\N
4179	480	2	\N
4180	480	2	\N
4181	478	2	\N
4182	478	2	\N
4183	478	2	\N
4184	478	2	\N
4185	478	2	\N
4186	478	2	\N
4187	478	2	\N
4188	478	7	\N
4189	478	7	\N
4190	478	7	\N
4191	478	7	\N
4192	478	7	\N
4193	478	7	\N
4194	478	7	\N
4195	478	7	\N
4197	480	7	\N
4198	480	7	\N
4199	480	7	\N
4200	478	3	\N
4201	478	3	\N
4202	478	3	\N
4203	467	3	\N
4204	449	5	\N
4205	450	5	\N
4206	504	2	\N
4207	504	2	\N
4208	443	2	\N
4209	443	2	\N
4210	443	2	\N
4211	496	3	\N
4212	496	3	\N
4213	496	7	\N
4214	483	7	\N
4215	483	7	\N
4216	483	7	\N
4217	483	7	\N
4218	483	7	\N
4219	476	7	\N
4220	476	7	\N
4221	477	7	\N
4222	476	2	\N
4223	477	2	\N
4224	476	2	\N
4225	476	2	\N
4226	492	2	\N
4227	492	7	\N
4228	493	2	\N
4229	445	2	\N
4230	445	2	\N
4231	445	2	\N
4232	456	2	\N
4233	456	2	\N
4234	456	2	\N
4235	456	2	\N
4236	456	2	\N
4237	456	2	\N
4238	464	7	\N
4239	464	7	\N
4240	464	7	\N
4241	464	7	\N
4242	464	10	\N
4243	464	2	\N
4244	464	2	\N
4245	460	7	\N
4246	460	10	\N
4248	460	3	\N
4249	460	7	\N
4250	460	7	\N
4251	460	7	\N
4252	460	7	\N
4253	460	7	\N
4254	460	2	\N
4255	460	2	\N
4256	460	2	\N
4257	460	2	\N
4258	460	2	\N
4259	460	2	\N
4260	460	3	\N
4261	460	10	\N
4262	460	3	\N
4263	468	2	\N
4264	468	2	\N
4265	468	2	\N
4266	468	7	\N
4267	468	7	\N
4268	467	2	\N
4269	467	2	\N
4270	467	2	\N
4271	467	2	\N
4272	467	2	\N
4273	467	2	\N
4274	467	2	\N
4275	467	2	\N
4276	467	2	\N
4277	467	2	\N
4278	467	7	\N
4279	467	7	\N
4280	467	7	\N
4281	467	7	\N
4282	467	7	\N
4283	467	7	\N
4284	467	7	\N
4285	467	3	\N
4286	467	3	\N
4287	469	2	\N
4288	469	2	\N
4289	469	2	\N
4290	469	2	\N
4291	469	7	\N
4292	469	7	\N
4293	472	7	\N
4294	472	7	\N
4295	472	7	\N
4296	472	3	\N
4297	472	7	\N
4298	452	7	\N
4299	452	7	\N
4300	452	7	\N
4301	452	7	\N
4302	452	2	\N
4303	452	2	\N
4304	452	2	\N
4305	452	2	\N
4306	452	2	\N
4307	452	2	\N
4308	452	2	\N
4309	452	2	\N
4310	452	2	\N
4311	485	7	\N
4312	485	7	\N
4313	485	2	\N
4314	485	2	\N
4315	485	7	\N
4316	485	2	\N
4317	485	2	\N
4318	485	2	\N
4319	485	2	\N
4320	485	2	\N
4321	482	7	\N
4322	482	7	\N
4323	482	7	\N
4324	482	2	\N
4325	482	2	\N
4326	482	2	\N
4327	482	2	\N
4328	482	2	\N
4329	482	2	\N
4330	482	2	\N
4331	482	2	\N
4332	482	2	\N
4333	582	2	\N
4334	582	2	\N
4335	582	2	\N
4336	582	2	\N
4337	582	2	\N
4338	582	2	\N
4339	582	7	\N
4340	582	7	\N
4341	509	3	\N
4342	509	2	\N
4343	509	2	\N
4344	523	7	\N
4345	523	7	\N
4346	523	7	\N
4347	523	2	\N
4348	523	2	\N
4349	504	2	\N
4350	584	7	\N
4351	584	2	\N
4352	584	2	\N
4353	584	2	\N
4354	584	2	\N
4355	481	2	\N
4356	481	7	\N
4357	481	7	\N
4358	481	2	\N
4359	481	2	\N
4360	473	7	\N
4361	473	7	\N
4362	473	2	\N
4363	473	2	\N
4364	473	2	\N
4365	473	2	\N
4366	473	2	\N
4367	499	7	\N
4368	499	2	\N
4369	499	2	\N
4370	499	2	\N
4371	499	2	\N
4372	499	7	\N
4373	499	7	\N
4374	499	2	\N
4375	499	2	\N
4376	499	7	\N
4377	499	7	\N
4378	442	2	\N
4379	442	2	\N
4380	442	2	\N
4381	444	7	\N
4382	444	7	\N
4383	444	7	\N
4384	444	7	\N
4385	498	2	\N
4386	498	2	\N
4387	498	2	\N
4388	498	2	\N
4389	498	2	\N
4390	498	7	\N
4391	498	7	\N
4392	498	7	\N
4393	498	2	\N
4394	498	7	\N
4395	475	7	\N
4396	475	2	\N
4397	475	7	\N
4398	475	7	\N
4399	475	2	\N
4400	475	2	\N
4401	474	2	\N
4402	474	2	\N
4403	474	2	\N
4404	474	2	\N
4405	474	2	\N
4406	474	7	\N
4407	474	3	\N
4408	474	7	\N
4409	474	7	\N
4410	474	7	\N
4411	474	7	\N
4412	448	2	\N
4413	448	2	\N
4414	448	7	\N
4415	448	7	\N
4416	448	7	\N
4417	448	7	\N
4418	448	7	\N
4419	448	7	\N
4420	448	7	\N
4421	448	2	\N
4422	448	2	\N
4423	448	2	\N
4424	448	2	\N
4425	448	2	\N
4426	448	2	\N
4427	448	2	\N
4428	515	2	\N
4429	515	2	\N
4430	515	2	\N
4431	515	2	\N
4432	515	2	\N
4433	478	3	\N
4434	478	3	\N
4435	478	7	\N
4436	478	7	\N
4437	478	7	\N
4438	478	2	\N
4439	478	2	\N
4440	478	2	\N
4441	478	2	\N
4442	478	7	\N
4443	478	7	\N
4444	478	7	\N
4445	478	2	\N
4446	478	2	\N
4447	478	7	\N
4448	480	2	\N
4449	480	7	\N
4450	480	7	\N
4451	480	2	\N
4452	480	2	\N
4453	449	2	\N
4454	533	2	\N
4455	465	2	\N
4456	465	2	\N
4457	465	7	\N
4458	465	7	\N
4459	465	2	\N
4460	464	2	\N
4461	464	2	\N
4462	464	7	\N
4463	464	2	\N
4464	464	7	\N
4465	464	7	\N
4466	460	3	\N
4467	460	3	\N
4468	460	3	\N
4469	460	3	\N
4470	460	3	\N
4471	460	7	\N
4472	460	2	\N
4473	460	2	\N
4474	460	7	\N
4475	460	7	\N
4476	460	7	\N
4477	460	7	\N
4478	460	2	\N
4479	460	2	\N
4480	460	7	\N
4481	460	2	\N
4482	460	7	\N
4483	456	2	\N
4484	456	2	\N
4485	456	2	\N
4486	452	7	\N
4487	452	7	\N
4488	452	7	\N
4489	452	2	\N
4490	452	2	\N
4491	452	2	\N
4492	452	2	\N
4493	452	2	\N
4494	452	2	\N
4495	452	2	\N
4496	452	2	\N
4497	452	2	\N
4498	452	2	\N
4499	452	2	\N
4500	452	2	\N
4501	452	2	\N
4502	452	2	\N
4503	452	2	\N
4504	452	2	\N
4505	483	7	\N
4506	483	7	\N
4507	483	7	\N
4508	483	7	\N
4509	483	7	\N
4510	483	7	\N
4511	477	7	\N
4512	477	7	\N
4513	477	2	\N
4514	477	7	\N
4515	477	2	\N
4516	476	7	\N
4517	476	7	\N
4518	476	2	\N
4519	476	2	\N
4520	476	2	\N
4521	476	2	\N
4522	476	7	\N
4523	476	7	\N
4524	476	3	\N
4525	481	3	\N
4526	476	2	\N
4527	496	3	\N
4528	496	3	\N
4529	468	2	\N
4530	468	2	\N
4531	468	7	\N
4532	1056	2	\N
4533	1056	2	\N
4534	1056	2	\N
4535	1056	7	\N
4536	1056	7	\N
4537	572	2	\N
4538	572	2	\N
4539	572	7	\N
4540	536	2	\N
4541	536	2	\N
4542	536	2	\N
4543	536	2	\N
4544	536	2	\N
4545	536	2	\N
4546	951	7	\N
4547	951	7	\N
4548	951	3	\N
4549	951	3	\N
4550	469	7	\N
4551	469	7	\N
4552	469	2	\N
4553	469	2	\N
4554	469	2	\N
4555	469	2	\N
4556	467	2	\N
4557	467	2	\N
4558	467	2	\N
4559	467	2	\N
4560	467	2	\N
4561	467	2	\N
4562	467	7	\N
4563	467	3	\N
4564	467	7	\N
4565	467	7	\N
4566	467	7	\N
4567	467	7	\N
4568	467	7	\N
4569	467	7	\N
4570	536	7	\N
4571	467	3	\N
4572	467	7	\N
4573	467	3	\N
4574	467	3	\N
4575	472	7	\N
4576	472	7	\N
4577	472	7	\N
4578	472	7	\N
4579	472	3	\N
4580	472	3	\N
4581	472	7	\N
4582	472	3	\N
4583	440	7	\N
4584	440	2	\N
4585	440	2	\N
4586	440	2	\N
4590	469	7	f
4592	476	7	\N
4593	498	2	f
4594	498	7	f
4595	498	7	\N
4596	481	7	\N
4597	481	2	f
4598	441	7	f
4599	467	3	f
4600	496	3	\N
4601	10224	2	f
4602	449	7	\N
4603	449	7	f
4604	449	7	f
4605	449	7	f
4606	449	7	f
4607	449	7	f
4608	449	7	f
4609	449	7	f
4610	449	2	f
4611	449	2	f
4612	449	2	f
4613	449	2	f
4614	449	2	f
4615	449	7	f
4616	449	2	f
4617	449	2	f
4618	449	2	f
4619	449	2	f
4620	472	3	\N
4621	502	2	\N
4622	502	2	\N
4623	502	7	\N
4624	472	3	f
4625	2236	2	\N
4626	2236	2	\N
4627	2236	2	\N
4628	603	7	\N
4630	603	2	\N
4632	603	2	\N
4634	603	2	\N
4636	603	2	\N
4637	603	2	\N
4638	603	2	\N
4640	603	2	\N
4641	452	2	\N
4642	448	2	\N
4643	452	2	\N
4644	460	7	f
4645	460	7	f
4646	460	3	f
4647	452	2	\N
4648	452	2	\N
4649	452	2	\N
4650	452	2	\N
4651	452	2	\N
4652	452	7	\N
4653	452	7	\N
4654	452	7	\N
4655	452	7	\N
4656	452	7	\N
4657	452	7	\N
4658	452	7	\N
4659	452	7	\N
4660	456	7	\N
4661	456	2	\N
4662	456	2	\N
4663	456	2	\N
4664	445	2	\N
4665	445	2	\N
4666	445	2	\N
4667	445	7	\N
4668	477	7	\N
4669	476	7	\N
4670	476	7	\N
4671	483	7	\N
4672	483	7	\N
4673	483	7	\N
4674	483	7	\N
4675	483	7	\N
4676	496	3	\N
4677	496	3	\N
4678	496	7	\N
4679	493	2	\N
4680	493	7	\N
4681	493	7	\N
4682	493	2	\N
4683	10887	3	\N
4684	10887	7	\N
4685	10887	3	\N
4686	443	2	\N
4687	443	2	\N
4688	443	7	\N
4689	443	7	\N
4690	443	2	\N
4691	10224	2	\N
4692	485	7	f
4693	485	2	f
4694	485	2	f
4695	449	7	\N
4696	485	7	f
4697	449	3	\N
4698	485	2	f
4699	485	7	f
4700	460	7	\N
4701	485	7	f
4702	460	3	\N
4703	485	7	f
4704	485	7	f
4705	460	7	\N
4706	460	7	\N
4707	460	7	\N
4708	460	7	\N
4710	482	7	f
4711	460	3	\N
4712	482	7	f
4713	460	3	\N
4714	482	2	f
4716	482	7	f
4717	482	2	f
4718	460	2	\N
4719	482	7	f
4720	460	7	\N
4721	482	7	f
4722	460	7	\N
4723	583	7	\N
4724	460	3	\N
4725	583	2	\N
4726	583	2	\N
4727	460	3	\N
4728	464	7	\N
4729	464	7	\N
4730	582	2	\N
4731	582	2	\N
4732	582	2	\N
4733	582	2	\N
4734	582	2	\N
4735	582	7	\N
4736	464	7	\N
4737	464	7	\N
4738	582	2	\N
4739	582	2	\N
4740	582	2	\N
4741	467	2	\N
4742	467	7	\N
4743	467	2	\N
4744	582	2	\N
4745	582	2	\N
4746	467	2	\N
4747	582	2	\N
4748	582	2	\N
4749	467	7	\N
4750	467	7	\N
4751	582	2	\N
4752	582	2	\N
4753	582	2	\N
4754	582	2	\N
4755	467	7	\N
4756	582	2	\N
4757	582	2	\N
4758	467	7	\N
4759	467	7	\N
4760	582	7	\N
4761	467	7	\N
4762	582	7	\N
4763	582	7	\N
4764	582	7	\N
4765	467	3	\N
4766	582	7	\N
4767	582	7	\N
4768	582	7	\N
4769	467	3	\N
4770	582	7	\N
4771	582	7	\N
4772	467	3	\N
4773	448	7	\N
4774	469	2	\N
4775	469	2	\N
4776	448	2	\N
4777	469	7	\N
4778	469	7	\N
4779	469	7	\N
4780	469	7	\N
4781	448	7	\N
4782	448	7	\N
4783	448	3	\N
4784	469	7	\N
4785	448	3	\N
4786	468	7	\N
4787	468	7	\N
4788	448	2	\N
4789	468	7	\N
4790	468	7	\N
4791	448	7	\N
4792	448	2	\N
4793	448	7	\N
4794	441	2	\N
4795	441	2	\N
4796	441	7	\N
4797	441	7	\N
4798	523	7	f
4799	523	2	\N
4800	523	7	\N
4801	523	2	\N
4802	523	7	\N
4803	523	2	\N
4804	523	7	\N
4805	523	7	\N
4806	523	2	\N
4807	472	7	\N
4808	472	7	\N
4809	472	7	\N
4810	584	2	\N
4811	584	2	\N
4812	584	2	\N
4813	472	3	\N
4814	472	3	\N
4815	584	2	\N
4816	584	2	\N
4817	584	2	\N
4818	472	3	\N
4819	584	7	\N
4820	584	7	\N
4821	472	3	\N
4822	472	7	\N
4823	11949	3	\N
4824	480	7	\N
4825	480	7	\N
4826	480	2	\N
4827	480	7	\N
4828	474	7	\N
4829	480	7	\N
4830	474	7	\N
4831	478	2	\N
4832	478	2	\N
4833	478	2	\N
4834	478	7	\N
4835	475	2	\N
4836	478	3	\N
4837	478	3	\N
4838	475	7	\N
4839	478	2	\N
4840	478	7	\N
4841	478	7	\N
4842	478	2	\N
4843	478	2	\N
4844	478	7	\N
4845	5083	2	\N
4846	478	2	\N
4847	5083	2	\N
4848	5083	2	\N
4849	5083	7	\N
4850	5083	7	\N
4851	5083	7	\N
4852	498	7	\N
4853	498	7	\N
4854	478	2	\N
4855	498	7	\N
4856	481	2	\N
4857	481	2	\N
4858	498	2	\N
4859	481	7	\N
4860	481	7	\N
4861	498	7	\N
4862	481	7	\N
4863	498	2	\N
4864	498	2	\N
4865	498	7	\N
4866	498	3	\N
4867	498	2	\N
4868	473	2	\N
4869	498	7	\N
4870	473	7	\N
4871	473	7	\N
4872	473	2	\N
4873	449	2	\N
4874	473	7	\N
4875	473	7	\N
4876	449	2	\N
4877	449	2	\N
4878	449	2	\N
4879	449	7	\N
4880	449	7	\N
4881	449	2	\N
4882	442	7	\N
4883	449	7	\N
4884	442	7	\N
4885	442	7	\N
4886	449	2	\N
4887	442	2	\N
4888	442	2	\N
4889	449	7	\N
4890	449	7	\N
4891	449	7	\N
4892	449	7	\N
4893	444	7	\N
4894	449	7	\N
4895	449	7	\N
4896	444	7	\N
4897	444	7	\N
4898	449	2	\N
4899	444	7	\N
4900	444	7	\N
4901	449	2	\N
4902	499	2	\N
4903	499	2	\N
4904	499	7	\N
4905	499	7	\N
4906	499	7	\N
4907	499	7	\N
4908	499	7	\N
4909	499	7	\N
4910	499	7	\N
4911	499	7	\N
4912	499	7	\N
4913	448	2	f
4914	448	2	\N
4916	448	2	f
4917	448	2	f
4918	448	7	f
4919	448	7	\N
4920	448	7	\N
4921	448	7	\N
4922	448	7	\N
4923	475	7	\N
4924	475	2	\N
4925	440	2	\N
4926	440	7	\N
4927	478	2	\N
4928	460	2	\N
4929	474	2	\N
4930	474	2	\N
4931	474	2	\N
4932	474	2	\N
4933	474	2	\N
4934	474	2	\N
4935	474	2	\N
4936	448	2	\N
4937	448	2	\N
4938	448	2	\N
4939	448	2	\N
4940	448	2	\N
4941	448	2	\N
4942	448	2	\N
4943	448	2	\N
4944	448	2	\N
4945	448	2	\N
4946	448	2	\N
4947	448	2	\N
4948	448	2	\N
4949	448	2	\N
4950	448	2	\N
4951	448	2	\N
4952	448	2	\N
4953	448	2	\N
4954	448	2	\N
4955	448	2	\N
4956	448	2	\N
4957	448	2	\N
4958	448	2	\N
4959	448	2	\N
4960	448	2	\N
4961	448	2	\N
4962	441	2	\N
4963	441	2	\N
4964	523	2	\N
4965	523	2	\N
4966	523	2	\N
4967	523	2	\N
4968	460	2	\N
4969	482	2	f
4970	460	2	\N
4971	460	2	\N
4972	478	2	\N
4973	478	2	\N
4974	478	2	\N
4975	478	2	\N
4976	478	2	\N
4977	478	2	\N
4978	478	2	\N
4979	478	2	\N
4980	478	2	\N
4981	478	2	\N
4982	478	2	\N
4983	478	2	\N
4984	478	2	\N
4985	478	2	\N
4986	460	2	\N
4987	460	2	\N
4988	460	2	\N
4989	460	2	\N
4990	460	2	\N
4991	460	2	\N
4992	460	2	\N
4993	460	2	\N
4994	460	2	\N
4995	460	2	\N
4996	460	2	\N
4997	460	2	\N
4998	475	2	\N
4999	475	2	\N
5000	475	2	\N
5001	475	2	\N
5002	475	2	\N
5003	485	7	\N
5004	485	2	\N
5005	485	2	\N
5006	485	2	\N
5007	485	2	\N
5008	485	2	\N
5009	485	2	\N
5010	485	2	\N
5011	485	2	\N
5012	485	2	\N
5013	485	2	\N
5014	485	2	\N
5015	485	2	\N
5016	482	2	\N
5017	482	2	\N
5018	482	2	\N
5019	482	2	\N
5020	482	2	\N
5021	482	2	\N
5022	482	2	\N
5023	482	2	\N
5024	482	2	\N
5025	482	2	\N
5026	482	2	\N
5027	482	2	\N
5028	482	2	\N
5029	482	2	\N
5030	482	2	\N
5031	482	2	\N
5032	482	2	\N
5033	482	2	\N
5034	467	2	\N
5035	467	2	\N
5036	467	2	\N
5037	467	2	\N
5038	467	2	\N
5039	467	2	\N
5040	467	2	\N
5041	467	2	\N
5042	467	2	\N
5043	467	2	\N
5044	467	2	\N
5045	467	2	\N
5046	467	2	\N
5047	467	2	\N
5048	467	2	\N
5049	467	2	\N
5050	467	2	\N
5051	467	2	\N
5052	467	2	\N
5053	467	2	\N
5054	467	2	\N
5055	448	7	\N
5056	441	3	\N
5057	441	3	\N
5058	467	2	\N
5059	467	2	\N
5060	467	2	\N
5061	477	2	\N
5062	477	2	\N
5063	477	2	\N
5064	477	2	\N
5065	477	2	\N
5066	477	2	\N
5067	477	2	\N
5068	477	2	\N
5069	477	2	\N
5070	477	2	\N
5071	477	2	\N
5072	477	2	\N
5073	477	2	\N
5074	476	2	\N
5075	476	2	\N
5076	476	2	\N
5077	476	2	\N
5078	476	2	\N
5079	476	2	\N
5080	476	2	\N
5081	476	2	\N
5082	476	2	\N
5083	476	2	\N
5084	476	2	\N
5085	498	2	\N
5086	498	2	\N
5087	498	2	\N
5088	498	2	\N
5089	498	2	\N
5090	498	2	\N
5091	498	2	\N
5092	498	2	\N
5093	498	2	\N
5094	498	2	\N
5095	498	2	\N
5096	498	2	\N
5097	498	2	\N
5099	498	2	\N
5100	498	2	\N
5101	499	2	\N
5102	499	2	\N
5103	499	2	\N
5104	499	2	\N
5105	499	2	\N
5106	499	2	\N
5107	499	2	\N
5108	499	2	\N
5109	499	2	\N
5110	499	2	\N
5111	499	2	\N
5112	515	2	\N
5113	515	2	\N
5114	515	2	\N
5115	515	2	\N
5116	515	2	\N
5117	515	2	\N
5118	515	2	\N
5119	515	2	\N
5120	515	2	\N
5121	515	2	\N
5122	452	2	\N
5123	452	2	\N
5124	452	2	\N
5126	452	2	\N
5127	452	2	\N
5128	452	2	\N
5129	452	2	\N
5130	452	2	\N
5131	452	2	\N
5132	452	2	\N
5133	452	2	\N
5134	452	2	\N
5135	452	2	\N
5136	452	2	\N
5137	452	2	\N
5138	452	2	\N
5140	452	2	\N
5141	452	2	\N
5142	452	2	\N
5143	452	2	\N
5144	452	2	\N
5145	452	2	\N
5146	452	2	\N
5147	452	2	\N
5148	452	2	\N
5149	452	2	\N
5150	452	2	\N
5151	452	2	\N
5152	452	2	\N
5153	452	2	\N
5154	452	2	\N
5155	452	2	\N
5156	452	2	\N
5157	452	2	\N
5158	452	2	\N
5159	452	2	\N
5160	452	2	\N
5161	452	2	\N
5162	452	2	\N
5163	452	2	\N
5164	452	2	\N
5165	452	2	\N
5166	452	2	\N
5167	452	2	\N
5168	452	2	\N
5169	452	2	\N
5170	452	2	\N
5171	452	2	\N
5172	452	2	\N
5173	452	2	\N
5174	452	2	\N
5175	452	2	\N
5176	452	2	\N
5177	452	2	\N
5178	452	2	\N
5179	452	2	\N
5180	452	2	\N
5181	452	2	\N
5182	452	2	\N
5183	452	2	\N
5184	452	2	\N
5185	452	2	\N
5186	452	2	\N
5187	452	2	\N
5188	452	2	\N
5189	452	2	\N
5190	452	2	\N
5191	452	2	\N
5192	452	2	\N
5193	452	2	\N
5194	442	2	\N
5195	442	2	\N
5196	442	2	\N
5197	442	2	\N
5198	442	2	\N
5199	442	2	\N
5200	442	2	\N
5201	442	2	\N
5202	442	2	\N
5203	442	2	\N
5204	442	2	\N
5205	442	2	\N
5206	473	2	\N
5207	473	2	\N
5208	473	2	\N
5209	473	2	\N
5210	473	2	\N
5211	473	2	\N
5212	473	2	\N
5213	473	2	\N
5214	473	2	\N
5215	473	2	\N
5216	473	2	\N
5217	473	2	\N
5218	449	2	\N
5219	449	2	\N
5220	449	2	\N
5221	449	2	\N
5222	449	2	\N
5223	449	2	\N
5224	449	2	\N
5225	449	2	\N
5226	449	2	\N
5227	449	2	\N
5228	449	2	\N
5229	449	2	\N
5230	449	2	\N
5231	449	2	\N
5232	449	2	\N
5233	582	2	\N
5234	582	2	\N
5235	582	2	\N
5236	582	2	\N
5237	582	2	\N
5241	582	2	\N
5242	582	2	\N
5243	582	2	\N
5244	582	2	\N
5245	582	2	\N
5246	582	2	\N
5248	582	2	\N
5249	582	2	\N
5250	582	2	\N
5251	582	2	\N
5252	582	2	\N
5253	582	2	\N
5254	582	2	\N
5255	582	2	\N
5256	493	2	\N
5257	583	2	\N
5258	464	2	\N
5259	464	2	\N
5260	464	2	\N
5261	464	2	\N
5262	464	2	\N
5263	464	2	\N
5264	464	2	\N
5265	468	2	\N
5266	468	2	\N
5267	468	2	\N
5268	468	2	\N
5269	468	2	\N
5270	468	2	\N
5271	468	2	\N
5272	468	2	\N
5273	468	2	\N
5274	468	2	\N
5275	468	2	\N
5276	468	2	\N
5277	468	2	\N
5278	469	2	\N
5279	469	2	\N
5280	469	2	\N
5281	469	2	\N
5282	469	2	\N
5283	469	2	\N
5284	469	2	\N
5285	469	2	\N
5286	469	2	\N
5287	469	2	\N
5288	469	2	\N
5289	469	2	\N
5290	469	2	\N
5291	469	2	\N
5292	480	2	\N
5293	480	2	\N
5294	480	2	\N
5295	480	2	\N
5296	480	2	\N
5297	480	2	\N
5298	480	2	\N
5299	480	2	\N
5300	480	2	\N
5301	480	2	\N
5302	480	2	\N
5303	480	2	\N
5304	480	2	\N
5305	480	2	\N
5306	480	2	\N
5307	480	2	\N
5308	480	2	\N
5309	480	2	\N
5310	480	2	\N
5311	481	2	\N
5312	481	2	\N
5313	2236	2	\N
5314	2236	2	\N
5315	452	7	\N
5316	591	1	\N
5317	481	2	\N
5318	481	2	\N
5319	481	2	\N
5320	481	2	\N
5321	5083	2	\N
5322	5083	2	\N
5323	5083	2	\N
5324	5083	2	\N
5325	465	2	\N
5326	465	2	\N
5327	465	2	\N
5328	465	2	\N
5329	465	2	\N
5330	465	2	\N
5331	465	2	\N
5332	465	2	\N
5333	492	2	\N
5334	492	2	\N
5335	1146	2	\N
5336	1146	2	\N
5337	456	2	\N
5338	456	2	\N
5339	456	2	\N
5340	456	2	\N
5341	456	2	\N
5342	443	2	\N
5343	443	2	\N
5344	584	2	\N
5345	584	2	\N
5346	584	2	\N
5347	584	2	\N
5348	509	2	\N
5349	509	2	\N
5350	509	2	\N
5351	509	2	\N
5352	509	2	\N
5353	509	2	\N
5354	4162	2	\N
5355	4162	2	\N
5356	4162	2	\N
5358	4162	2	\N
5359	4162	2	\N
5360	4162	2	\N
5361	4162	2	\N
5362	4162	2	\N
5363	4162	2	\N
5364	4162	2	\N
5365	4162	2	\N
5366	4162	2	\N
5367	2409	2	\N
5368	2409	2	\N
5369	536	2	\N
5370	536	2	\N
5371	536	2	\N
5372	536	2	\N
5373	536	2	\N
5374	536	2	\N
5375	536	2	\N
5376	536	2	\N
5377	536	2	\N
5378	536	2	\N
5379	536	2	\N
5380	536	2	\N
5381	536	2	\N
5382	536	2	\N
5383	572	2	\N
5384	1056	2	\N
5385	1056	2	\N
5386	1056	2	\N
5387	1056	2	\N
5388	1056	2	\N
5389	1056	2	\N
5390	1056	2	\N
5391	1056	2	\N
5392	1056	2	\N
5393	1056	2	\N
5394	1056	2	\N
5395	1056	2	\N
5396	1056	2	\N
5397	1056	2	\N
5398	504	2	\N
5399	504	2	\N
5400	475	2	\N
5401	475	2	\N
5402	475	2	\N
5403	475	2	\N
5404	475	2	\N
5405	474	2	\N
5406	474	2	\N
5407	448	2	\N
5408	485	2	\N
5409	485	2	\N
5410	485	2	\N
5411	583	2	\N
5412	448	2	f
5413	496	3	\N
5414	496	3	\N
5415	449	2	\N
5417	498	2	\N
5418	445	2	\N
5419	448	2	\N
5421	492	2	\N
5422	603	7	\N
5423	603	2	\N
5424	603	2	\N
5426	603	2	\N
5427	603	2	\N
5430	467	3	\N
5435	472	7	\N
5436	474	3	\N
5437	474	2	\N
5438	474	2	\N
5439	474	2	\N
5440	474	2	\N
5441	474	7	\N
5442	474	7	\N
5443	474	7	\N
5444	474	7	\N
5446	444	7	\N
5447	444	7	\N
5448	515	2	\N
5449	515	7	\N
5450	515	2	\N
5452	515	7	\N
5453	515	7	\N
5454	515	7	\N
5455	515	2	\N
5456	515	2	\N
5457	515	2	\N
5458	515	2	\N
5459	466	2	\N
5460	10919	2	\N
5461	443	2	\N
5462	493	2	\N
5463	493	2	\N
5464	474	2	\N
5465	452	2	\N
5466	452	2	\N
5467	452	2	\N
5468	452	2	\N
5469	452	2	\N
5470	467	2	\N
5471	467	2	\N
5472	449	2	\N
5473	449	2	\N
5474	445	2	\N
5475	440	2	\N
5476	440	2	\N
5477	440	2	\N
5478	440	2	\N
5479	440	2	\N
5480	440	2	\N
5481	440	2	\N
5482	440	2	\N
5483	440	2	\N
5484	440	2	\N
5485	582	2	\N
5487	467	2	\N
5488	467	2	\N
5489	452	2	\N
5490	502	2	\N
5491	603	2	\N
5492	2236	2	\N
5493	582	2	\N
5494	582	2	\N
5495	452	2	\N
5496	452	2	\N
5497	582	2	\N
5498	452	2	\N
5499	485	2	\N
5500	502	2	\N
5501	603	2	\N
5503	603	2	\N
5504	603	2	\N
5507	445	2	\N
5508	445	2	\N
5509	452	2	\N
5510	2236	2	\N
5511	440	2	\N
5512	440	2	\N
5513	515	7	\N
5514	475	7	\N
5515	477	7	\N
5516	476	7	\N
5517	476	7	\N
5518	476	2	\N
5519	483	7	\N
5520	483	3	\N
5521	483	7	\N
5522	483	7	\N
5523	483	7	\N
5524	483	7	\N
5527	483	7	\N
5528	483	7	\N
5529	496	3	\N
5530	496	3	\N
5531	496	7	\N
5532	496	3	\N
5533	492	2	\N
5534	493	7	\N
5535	493	7	\N
5536	460	7	\N
5537	460	7	\N
5538	460	3	\N
5539	460	7	\N
5540	460	7	\N
5541	460	7	\N
5542	460	3	\N
5543	460	3	\N
5544	460	2	\N
5545	460	2	\N
5546	460	7	\N
5547	460	7	\N
5548	460	3	\N
5549	460	3	\N
5550	464	7	\N
5551	464	7	\N
5552	464	7	\N
5553	464	7	\N
5554	467	2	\N
5555	467	2	\N
5556	467	7	\N
5557	467	7	\N
5558	467	7	\N
5559	467	7	\N
5560	467	7	\N
5561	467	7	\N
5562	467	7	\N
5563	467	3	\N
5564	467	3	\N
5565	467	3	\N
5569	469	2	\N
5570	469	2	\N
5571	469	7	\N
5572	469	7	\N
5573	469	7	\N
5574	469	7	\N
5575	469	7	\N
5576	469	7	\N
5577	469	2	\N
5578	469	7	\N
5579	468	7	\N
5580	468	7	\N
5581	468	7	\N
5582	468	7	\N
5583	472	7	\N
5584	472	7	\N
5585	472	7	\N
5586	472	7	\N
5587	472	5	\N
5588	472	3	\N
5589	472	3	\N
5590	472	3	\N
5591	472	7	\N
5592	472	3	\N
5594	11949	3	\N
5595	474	7	\N
5596	474	7	\N
5597	474	2	\N
5598	474	2	\N
5599	474	2	\N
5600	474	7	\N
5601	475	7	\N
5602	475	2	\N
5603	5083	2	\N
5604	5083	2	\N
5606	5083	2	\N
5607	5083	7	\N
5608	5083	7	\N
5609	5083	7	\N
5610	498	7	\N
5611	498	7	\N
5613	498	7	\N
5614	498	2	\N
5615	498	2	\N
5616	498	7	\N
5617	498	7	\N
5618	498	2	\N
5619	498	2	\N
5620	498	7	\N
5621	498	3	\N
5622	498	2	\N
5623	498	7	\N
5624	499	7	\N
5625	499	7	\N
5626	499	2	\N
5627	499	2	\N
5628	499	7	\N
5629	499	7	\N
5630	499	7	\N
5631	499	7	\N
5632	499	7	\N
5633	499	7	\N
5634	499	7	\N
5635	478	2	\N
5636	478	2	\N
5637	478	2	\N
5638	478	7	\N
5639	478	3	\N
5640	478	2	\N
5641	478	7	\N
5642	478	7	\N
5643	478	7	\N
5644	478	7	\N
5645	478	2	\N
5646	480	7	\N
5647	480	7	\N
5648	480	7	\N
5649	480	7	\N
5650	515	2	\N
5651	515	2	\N
5652	515	2	\N
5653	515	2	\N
5654	515	2	\N
5655	515	7	\N
5656	515	7	\N
5657	515	7	\N
5658	515	7	\N
5659	515	2	\N
5660	515	7	\N
5661	515	7	\N
5662	523	7	\N
5663	448	2	\N
5664	448	2	\N
5665	448	2	\N
5666	448	7	\N
5667	448	2	\N
5668	448	7	\N
5669	448	7	\N
5670	448	7	\N
5671	448	7	\N
5672	448	7	\N
5673	448	7	\N
5674	448	3	\N
5675	448	3	\N
5676	448	2	\N
5677	448	2	\N
5678	448	2	\N
5679	448	7	\N
5680	448	7	\N
5681	582	2	\N
5682	582	2	\N
5683	582	2	\N
5684	582	2	\N
5685	582	2	\N
5686	582	7	\N
5687	582	2	\N
5688	582	2	\N
5689	582	2	\N
5690	582	2	\N
5691	582	2	\N
5692	582	2	\N
5693	582	2	\N
5694	582	2	\N
5695	582	2	\N
5696	582	2	\N
5697	582	2	\N
5698	582	2	\N
5699	582	2	\N
5700	582	2	\N
5701	582	7	\N
5702	582	7	\N
5703	582	7	\N
5704	582	7	\N
5705	582	7	\N
5706	582	7	\N
5707	582	7	\N
5708	582	7	\N
5709	582	7	\N
5710	582	7	\N
5711	582	7	\N
5712	583	7	\N
5713	583	2	\N
5714	583	2	\N
5715	482	7	\N
5716	482	7	\N
5717	482	2	\N
5718	482	2	\N
5719	482	7	\N
5720	482	7	\N
5721	482	2	\N
5722	482	2	\N
5723	482	7	\N
5724	482	7	\N
5725	482	2	f
5726	485	2	\N
5727	485	2	\N
5728	485	2	\N
5729	485	7	\N
5730	485	7	\N
5731	485	7	\N
5732	485	7	\N
5733	485	7	\N
5734	485	7	\N
5735	485	7	\N
5736	485	7	\N
5737	485	7	\N
5738	475	7	\N
5739	475	2	\N
5740	493	2	\N
5741	440	2	\N
5742	440	2	\N
5743	440	2	\N
5744	448	2	\N
5745	448	2	\N
5746	448	7	\N
5747	582	7	\N
5748	441	3	\N
5749	441	2	\N
5750	441	2	\N
5751	441	7	\N
5752	441	7	\N
5753	523	2	\N
5754	523	2	\N
5755	452	7	\N
5756	452	7	\N
5757	523	2	\N
5758	452	7	\N
5759	523	2	\N
5760	452	7	\N
5761	452	7	\N
5762	452	7	\N
5763	523	7	\N
5764	452	7	\N
5765	452	7	\N
5766	452	7	\N
5767	452	2	\N
5768	452	2	\N
5769	523	7	\N
5770	452	2	\N
5771	452	2	\N
5772	523	7	\N
5773	452	2	\N
5774	523	7	\N
5775	452	2	\N
5776	452	2	\N
5777	452	2	\N
5778	452	2	\N
5779	452	2	\N
5780	445	2	\N
5781	445	2	\N
5782	445	2	\N
5783	445	7	\N
5784	10887	7	\N
5785	10887	3	\N
5786	469	7	\N
5787	474	1	\N
5788	474	1	\N
5789	474	1	\N
5790	474	1	\N
5791	460	3	\N
5792	496	3	\N
5793	584	2	\N
5794	584	2	\N
5795	584	2	\N
5796	584	2	\N
5797	603	7	\N
5799	603	2	\N
5801	603	2	\N
5802	603	2	\N
5803	474	1	\N
5804	474	1	\N
5805	460	3	\N
5806	584	2	\N
5807	584	7	\N
5808	584	7	\N
5809	10224	2	\N
5810	10224	7	\N
5811	10224	7	\N
5812	474	7	\N
5813	474	7	\N
5814	474	7	\N
5815	478	7	\N
5816	478	2	\N
5817	481	7	\N
5818	481	7	\N
5819	481	7	\N
5820	474	2	\N
5821	474	3	\N
5823	442	7	\N
5824	456	2	\N
5825	456	2	\N
5826	456	7	\N
5827	449	2	\N
5828	449	2	\N
5829	449	2	\N
5830	449	2	\N
5831	449	2	\N
5832	449	2	\N
5833	449	2	\N
5834	449	2	\N
5835	449	2	\N
5836	444	7	\N
5837	444	7	\N
5838	444	7	\N
5839	444	7	\N
5840	444	7	\N
5841	444	7	\N
5842	466	7	\N
5843	466	2	\N
5844	10919	2	\N
5845	2236	2	\N
5846	449	7	\N
5848	2236	2	\N
5849	2236	2	\N
5850	449	7	\N
5851	449	7	\N
5852	449	7	\N
5853	449	7	\N
5854	449	7	\N
5855	473	2	\N
5856	473	7	\N
5857	473	7	\N
5858	443	7	\N
5859	473	7	\N
5860	443	2	\N
5861	473	7	\N
5862	473	2	\N
5863	473	7	\N
5864	845	1	\N
5865	845	1	\N
5866	474	1	\N
5867	474	1	\N
5868	474	1	\N
5869	474	1	\N
5870	474	1	\N
5871	474	1	\N
5872	474	1	\N
5873	474	1	\N
5874	474	1	\N
5875	474	1	\N
5876	474	1	\N
5877	474	1	\N
5878	474	1	\N
5879	474	1	\N
5880	474	1	\N
5882	474	1	\N
5883	474	1	\N
5884	446	1	\N
5885	474	1	\N
5886	474	1	\N
5887	446	1	\N
5888	452	1	\N
5889	474	1	\N
5890	474	1	\N
5891	452	1	\N
5892	452	1	\N
5893	474	1	\N
5894	474	1	\N
5895	452	1	\N
5897	474	1	\N
5898	474	1	\N
5899	452	1	\N
5900	452	1	\N
5901	452	1	\N
5902	452	1	\N
5903	509	1	\N
5904	509	1	\N
5905	509	1	\N
5906	509	1	\N
5907	509	1	\N
5908	509	1	\N
5909	509	1	\N
5910	509	1	\N
5911	509	1	\N
5912	509	1	\N
5913	509	1	\N
5914	509	1	\N
5915	509	1	\N
5916	452	1	\N
5917	452	1	\N
5918	509	1	\N
5919	452	1	\N
5920	509	1	\N
5921	452	1	\N
5922	509	1	\N
5923	509	1	\N
5924	509	1	\N
5925	452	1	\N
5926	509	1	\N
5927	452	1	\N
5928	452	1	\N
5929	452	1	\N
5930	452	1	\N
5931	509	1	\N
5932	452	1	\N
5933	564	1	\N
5934	564	1	\N
5935	564	1	\N
5936	564	1	\N
5937	564	1	\N
5938	564	1	\N
5939	564	1	\N
5940	564	1	\N
5941	564	1	\N
5942	564	1	\N
5943	452	1	\N
5944	452	1	\N
5945	452	1	\N
5946	452	1	\N
5947	452	1	\N
5948	452	1	\N
5949	564	1	\N
5950	452	1	\N
5951	564	1	\N
5952	564	1	\N
5953	452	1	\N
5954	564	1	\N
5955	452	1	\N
5956	452	1	\N
5957	510	1	\N
5958	510	1	\N
5959	510	1	\N
5960	510	1	\N
5961	510	1	\N
5962	510	1	\N
5963	510	1	\N
5964	510	1	\N
5965	510	1	\N
5966	510	1	\N
5967	510	1	\N
5968	510	1	\N
5969	510	1	\N
5970	510	1	\N
5972	452	1	\N
5973	452	1	\N
5974	452	1	\N
5975	452	1	\N
5976	510	1	\N
5977	510	1	\N
5978	510	1	\N
5979	510	1	\N
5980	510	1	\N
5981	510	1	\N
5982	510	1	\N
5983	510	1	\N
5984	11307	1	\N
5985	510	1	\N
5986	11307	1	\N
5987	510	1	\N
5988	510	1	\N
5989	510	1	\N
5990	510	1	\N
5991	510	1	\N
5992	510	1	\N
5993	1768	1	\N
5994	1768	1	\N
5995	1768	1	\N
5996	1768	1	\N
5997	1768	1	\N
5998	1768	1	\N
5999	1768	1	\N
6000	1768	1	\N
6001	1768	1	\N
6002	1768	1	\N
6003	574	1	\N
6004	574	1	\N
6005	574	1	\N
6006	574	1	\N
6007	574	1	\N
6008	574	1	\N
6009	11662	1	\N
6010	1768	1	\N
6011	1768	1	\N
6012	1768	1	\N
6013	1768	1	\N
6014	1768	1	\N
6015	1768	1	\N
6016	1768	1	\N
6017	1768	1	\N
6018	1768	1	\N
6019	1768	1	\N
6020	1768	1	\N
6021	1768	1	\N
6022	1768	1	\N
6023	1768	1	\N
6024	1768	1	\N
6025	1768	1	\N
6026	1768	1	\N
6027	1768	1	\N
6028	1768	1	\N
6029	1768	1	\N
6030	565	1	\N
6031	12805	1	\N
6032	12805	1	\N
6033	12805	1	\N
6034	12805	1	\N
6035	12805	1	\N
6036	12806	1	\N
6037	565	1	\N
6038	12806	1	\N
6039	12806	1	\N
6040	565	1	\N
6041	565	1	\N
6042	565	1	\N
6043	565	1	\N
6044	565	1	\N
6045	565	1	\N
6046	565	1	\N
6047	565	1	\N
6048	11053	1	\N
6049	11053	1	\N
6050	11053	1	\N
6051	12806	1	\N
6052	12806	1	\N
6053	3814	1	\N
6054	3814	1	\N
6055	3814	1	\N
6056	3814	1	\N
6057	3888	1	\N
6058	3888	1	\N
6059	3888	1	\N
6060	3888	1	\N
6061	3888	1	\N
6062	3888	1	\N
6063	3888	1	\N
6064	3888	1	\N
6065	3888	1	\N
6066	3888	1	\N
6067	3888	1	\N
6068	3888	1	\N
6069	3888	1	\N
6070	3888	1	\N
6071	3888	1	\N
6072	3888	1	\N
6073	3888	1	\N
6074	3888	1	\N
6075	3888	1	\N
6076	3814	1	\N
6077	3814	1	\N
6078	3814	1	\N
6079	3888	1	\N
6080	3888	1	\N
6081	3888	1	\N
6082	3814	1	\N
6083	3814	1	\N
6084	596	1	\N
6085	596	1	\N
6086	596	1	\N
6087	596	1	\N
6088	596	1	\N
6089	596	1	\N
6090	596	1	\N
6091	596	1	\N
6092	596	1	\N
6093	1496	1	\N
6094	1496	1	\N
6095	1496	1	\N
6096	597	1	\N
6097	597	1	\N
6098	597	1	\N
6099	597	1	\N
6100	597	1	\N
6101	11924	1	\N
6102	597	1	\N
6103	596	1	\N
6104	597	1	\N
6105	594	1	\N
6106	596	1	\N
6107	594	1	\N
6108	7886	1	\N
6109	596	1	\N
6110	596	1	\N
6111	596	1	\N
6112	596	1	\N
6113	596	1	\N
6114	596	1	\N
6115	596	1	\N
6116	11535	1	\N
6117	11535	1	\N
6118	11535	1	\N
6119	11535	1	\N
6120	11535	1	\N
6121	11535	1	\N
6122	11535	1	\N
6123	591	1	\N
6124	591	1	\N
6125	845	1	\N
6126	845	1	\N
6127	845	1	\N
6128	845	1	\N
6129	4785	1	\N
6130	4785	1	\N
6131	4785	1	\N
6132	4785	1	\N
6133	4785	1	\N
6134	4785	1	\N
6135	4785	1	\N
6136	4785	1	\N
6137	4785	1	\N
6138	4785	1	\N
6139	452	1	\N
6140	452	1	\N
6141	452	1	\N
6142	452	1	\N
6143	11053	1	\N
6144	11053	1	\N
6145	11053	1	\N
6146	11053	1	\N
6147	3888	1	\N
6148	3888	1	\N
6149	452	1	\N
6150	452	1	\N
6151	452	1	\N
6152	3888	1	\N
6153	3888	1	\N
6154	452	1	\N
6155	3888	1	\N
6156	3888	1	\N
6157	452	1	\N
6158	3888	1	\N
6159	452	1	\N
6160	3888	1	\N
6161	3888	1	\N
6162	452	1	\N
6163	452	1	\N
6164	3888	1	\N
6165	3888	1	\N
6166	3888	1	\N
6167	3888	1	\N
6168	3888	1	\N
6169	3888	1	\N
6170	3888	1	\N
6171	3888	1	\N
6172	474	1	\N
6173	474	1	\N
6174	474	1	\N
6175	474	1	\N
6176	474	1	\N
6177	474	1	\N
6178	474	1	\N
6179	474	1	\N
6180	474	1	\N
6181	474	1	\N
6182	474	1	\N
6183	474	1	\N
6184	474	1	\N
6185	452	1	\N
6186	452	1	\N
6187	452	1	\N
6188	452	1	\N
6189	452	1	\N
6190	452	1	\N
6191	452	1	\N
6192	474	1	\N
6193	452	1	\N
6194	474	1	\N
6195	474	1	\N
6196	452	1	\N
6197	474	1	\N
6198	452	1	\N
6199	474	1	\N
6200	452	1	\N
6201	474	1	\N
6202	452	1	\N
6203	452	1	\N
6204	452	1	\N
6205	474	1	\N
6206	474	1	\N
6207	474	1	\N
6208	474	1	\N
6209	474	1	\N
6210	474	1	\N
6211	474	1	\N
6212	474	1	\N
6213	474	1	\N
6214	474	1	\N
6215	474	1	\N
6216	474	1	\N
6217	474	1	\N
6218	1768	1	\N
6219	1768	1	\N
6220	1768	1	\N
6221	1768	1	\N
6222	446	1	\N
6223	591	1	\N
6224	1768	1	\N
6225	591	1	\N
6226	1768	1	\N
6227	11721	1	\N
6228	1768	1	\N
6229	11721	1	\N
6230	1768	1	\N
6231	1768	1	\N
6232	11721	1	\N
6233	1768	1	\N
6234	1768	1	\N
6235	1768	1	\N
6236	1768	1	\N
6237	1768	1	\N
6238	1768	1	\N
6239	1768	1	\N
6240	1768	1	\N
6241	1768	1	\N
6242	1768	1	\N
6243	1768	1	\N
6244	11721	1	\N
6245	1768	1	\N
6246	11721	1	\N
6247	11721	1	\N
6248	1768	1	\N
6249	1768	1	\N
6250	11721	1	\N
6251	11721	1	\N
6252	11721	1	\N
6253	510	1	\N
6256	11721	1	\N
6257	510	1	\N
6258	510	1	\N
6259	510	1	\N
6260	510	1	\N
6261	510	1	\N
6262	510	1	\N
6263	510	1	\N
6264	574	1	\N
6265	574	1	\N
6266	574	1	\N
6267	574	1	\N
6268	574	1	\N
6269	11662	1	\N
6270	12805	1	\N
6271	12805	1	\N
6272	12805	1	\N
6273	12805	1	\N
6274	12805	1	\N
6275	510	1	\N
6276	510	1	\N
6277	510	1	\N
6278	510	1	\N
6279	510	1	\N
6280	510	1	\N
6281	510	1	\N
6282	510	1	\N
6283	510	1	\N
6284	510	1	\N
6285	510	1	\N
6286	510	1	\N
6287	510	1	\N
6288	510	1	\N
6289	510	1	\N
6290	510	1	\N
6291	510	1	\N
6292	510	1	\N
6293	510	1	\N
6295	510	1	\N
6296	510	1	\N
6297	510	1	\N
6298	510	1	\N
6299	509	1	\N
6300	509	1	\N
6301	11535	1	\N
6302	11535	1	\N
6303	509	1	\N
6304	11535	1	\N
6305	11535	1	\N
6306	509	1	\N
6307	509	1	\N
6308	509	1	\N
6309	509	1	\N
6310	509	1	\N
6311	11535	1	\N
6312	11535	1	\N
6313	11535	1	\N
6314	11924	1	\N
6315	509	1	\N
6316	509	1	\N
6317	509	1	\N
6318	509	1	\N
6319	509	1	\N
6320	509	1	\N
6321	509	1	\N
6322	509	1	\N
6323	509	1	\N
6324	509	1	\N
6325	565	1	\N
6326	594	1	\N
6327	565	1	\N
6328	565	1	\N
6329	7886	1	\N
6330	565	1	\N
6331	12806	1	\N
6332	12806	1	\N
6333	12806	1	\N
6334	12806	1	\N
6335	565	1	\N
6336	12806	1	\N
6337	565	1	\N
6338	565	1	\N
6339	565	1	\N
6340	565	1	\N
6341	565	1	\N
6342	565	1	\N
6343	565	1	\N
6344	565	1	\N
6345	564	1	\N
6346	564	1	\N
6347	564	1	\N
6348	564	1	\N
6349	564	1	\N
6350	564	1	\N
6351	564	1	\N
6352	564	1	\N
6353	564	1	\N
6354	564	1	\N
6355	564	1	\N
6356	564	1	\N
6357	564	1	\N
6358	564	-1	\N
6359	564	1	\N
6360	564	1	\N
6361	564	1	\N
6362	564	1	\N
6363	1496	1	\N
6364	1496	1	\N
6365	596	1	\N
6366	596	1	\N
6367	597	1	\N
6368	596	1	\N
6369	596	1	\N
6370	596	1	\N
6371	596	1	\N
6372	596	1	\N
6373	596	1	\N
6374	3814	1	\N
6375	3814	1	\N
6376	3814	1	\N
6377	3814	1	\N
6378	3814	1	\N
6379	3814	1	\N
6380	3814	1	\N
6381	3814	1	\N
6382	3814	1	\N
6383	596	1	\N
6384	596	1	\N
6385	597	1	\N
6386	597	1	\N
6387	597	1	\N
6388	597	1	\N
6389	597	1	\N
6390	596	1	\N
6391	596	1	\N
6392	596	1	\N
6393	472	7	\N
6394	472	7	\N
6395	475	7	\N
6396	475	2	\N
6397	475	7	\N
6398	475	7	\N
6399	493	7	\N
6400	493	7	\N
6401	493	2	\N
6402	440	2	\N
6403	440	7	\N
6404	440	2	\N
6405	440	2	\N
6406	440	2	\N
6407	582	2	\N
6408	582	2	\N
6409	582	2	\N
6410	582	2	\N
6411	582	2	\N
6412	582	2	\N
6413	582	2	\N
6414	582	2	\N
6415	582	2	\N
6416	582	2	\N
6417	582	2	\N
6418	582	7	\N
6419	582	7	\N
6420	582	7	\N
6421	582	7	\N
6422	582	7	\N
6423	582	7	\N
6424	583	7	\N
6425	583	2	\N
6426	583	2	\N
6427	452	2	\N
6428	452	2	\N
6429	452	2	\N
6430	452	7	\N
6431	452	7	\N
6432	452	7	\N
6433	452	7	\N
6434	452	7	\N
6435	452	2	\N
6436	452	2	\N
6437	452	2	\N
6438	452	2	\N
6439	452	2	\N
6440	452	2	\N
6441	452	2	\N
6442	452	2	\N
6443	452	2	\N
6444	452	2	\N
6446	452	2	\N
6447	452	2	\N
6448	452	2	\N
6449	452	2	\N
6450	452	2	\N
6451	452	2	\N
6452	452	2	\N
6453	452	2	\N
6454	452	2	\N
6455	452	2	\N
6456	452	2	\N
6457	452	7	\N
6458	452	7	\N
6459	468	7	\N
6460	468	7	\N
6461	468	7	\N
6462	468	7	\N
6463	469	7	\N
6464	469	7	\N
6465	469	7	\N
6466	469	7	\N
6467	469	7	\N
6468	469	7	\N
6469	469	7	\N
6470	469	7	\N
6471	469	2	\N
6472	469	2	\N
6473	469	2	\N
6474	467	7	\N
6475	467	3	\N
6476	467	7	\N
6477	467	3	\N
6478	467	7	\N
6479	467	7	\N
6480	467	7	\N
6481	467	7	\N
6482	467	7	\N
6483	467	3	\N
6484	467	3	\N
6485	467	3	\N
6486	467	2	\N
6487	477	7	\N
6488	477	7	\N
6489	477	7	\N
6490	476	7	\N
6491	476	2	\N
6492	496	3	\N
6493	496	3	\N
6494	496	3	\N
6495	496	3	\N
6496	496	3	\N
6497	496	3	\N
6498	603	7	\N
6499	603	2	\N
6501	603	2	\N
6502	603	2	\N
6504	460	3	\N
6505	460	3	\N
6506	460	7	\N
6507	460	7	\N
6508	460	3	\N
6509	460	7	\N
6510	460	7	\N
6511	460	2	\N
6512	460	3	\N
6513	460	3	\N
6514	460	2	\N
6515	472	3	\N
6516	472	7	\N
6517	472	3	\N
6518	472	7	\N
6519	472	7	\N
6520	472	7	\N
6521	472	3	\N
6522	472	3	\N
6523	472	3	\N
6524	472	7	\N
6525	5083	7	\N
6526	5083	7	\N
6527	5083	2	\N
6528	5083	2	\N
6529	5083	2	\N
6530	5083	7	\N
6531	474	3	\N
6532	474	7	\N
6533	474	2	\N
6534	474	2	\N
6535	474	7	\N
6536	474	7	\N
6537	474	7	\N
6538	474	7	\N
6539	498	7	\N
6540	498	2	\N
6541	498	7	\N
6542	498	7	\N
6543	498	2	\N
6544	498	2	\N
6545	498	2	\N
6546	498	7	\N
6547	498	3	\N
6548	498	7	\N
6549	498	7	\N
6550	480	7	\N
6551	480	7	\N
6552	442	7	\N
6553	483	7	\N
6554	483	7	\N
6555	483	3	\N
6556	483	7	\N
6557	483	7	\N
6558	483	7	\N
6559	483	7	\N
6560	499	7	\N
6561	499	7	\N
6562	499	7	\N
6563	499	2	\N
6564	499	7	\N
6565	499	7	\N
6566	499	7	\N
6567	515	2	\N
6568	515	7	\N
6569	515	7	\N
6570	515	7	\N
6571	515	7	\N
6572	464	7	\N
6573	464	7	\N
6574	464	7	\N
6575	464	7	\N
6576	444	7	\N
6577	444	7	\N
6578	444	7	\N
6579	444	7	\N
6580	444	7	\N
6581	444	7	\N
6582	444	7	\N
6583	466	2	\N
6584	10919	2	\N
6585	10919	7	\N
6586	473	7	\N
6587	473	7	\N
6588	473	2	\N
6589	449	2	\N
6590	449	2	\N
6591	449	2	\N
6592	449	2	\N
6593	449	2	\N
6594	449	2	\N
6595	449	2	\N
6596	449	2	\N
6597	449	2	\N
6598	449	7	\N
6599	449	7	\N
6601	449	7	\N
6602	449	7	\N
6603	449	7	\N
6604	449	7	\N
6605	449	7	\N
6606	449	7	\N
6607	456	2	\N
6608	456	2	\N
6609	456	7	\N
6610	481	7	\N
6611	481	7	\N
6612	481	7	\N
6613	478	2	\N
6614	478	2	\N
6615	478	7	\N
6616	478	2	\N
6617	478	7	\N
6618	478	7	\N
6619	478	7	\N
6620	478	3	\N
6621	478	7	\N
6622	10224	7	\N
6623	10224	7	\N
6624	584	7	\N
6625	584	7	\N
6626	584	2	\N
6627	584	2	\N
6628	584	2	\N
6629	10887	7	\N
6630	10887	3	\N
6631	10887	3	\N
6632	10887	3	\N
6633	445	2	\N
6634	445	2	\N
6635	445	2	\N
6636	445	7	\N
6637	499	7	\N
6638	452	2	\N
6639	452	2	\N
6640	452	2	\N
6641	452	2	\N
6642	452	2	\N
6643	452	2	\N
6644	452	2	\N
6645	452	2	\N
6646	498	7	\N
6647	523	2	\N
6648	523	7	\N
6649	523	7	\N
6650	523	2	\N
6651	523	7	\N
6652	523	7	\N
6653	441	2	\N
6654	441	2	\N
6655	441	7	\N
6656	441	7	\N
6657	441	3	\N
6658	448	7	\N
6659	448	7	\N
6660	448	2	\N
6661	448	3	\N
6662	448	2	\N
6663	448	2	\N
6664	448	2	\N
6665	448	2	\N
6666	448	2	\N
6667	482	7	\N
6668	482	7	\N
6669	482	2	\N
6670	482	7	\N
6671	482	7	\N
6672	482	7	\N
6673	482	2	\N
6674	485	7	\N
6675	485	7	\N
6676	485	7	\N
6677	485	7	\N
6678	485	7	\N
6679	485	7	\N
6680	485	7	\N
6681	485	7	\N
6682	485	7	\N
6683	485	2	\N
6684	485	7	\N
6685	473	7	\N
6686	474	2	\N
6687	499	2	\N
6688	523	2	\N
6689	448	7	\N
6690	448	3	\N
6691	448	7	\N
6692	478	2	\N
6693	478	7	\N
6694	476	2	\N
6695	448	2	\N
6696	448	7	\N
6697	523	7	\N
6698	474	1	\N
6699	448	7	\N
6700	460	7	\N
6701	460	7	\N
6702	460	7	\N
6703	460	3	\N
6704	448	2	\N
6705	475	7	\N
6706	584	2	\N
6708	582	7	\N
6709	474	2	\N
6710	515	2	\N
6711	474	7	\N
6712	483	7	\N
6713	473	7	\N
6714	499	7	\N
6715	467	2	\N
6716	448	2	\N
6717	448	7	\N
6718	472	10	\N
6719	472	7	\N
6720	472	10	\N
6721	472	7	\N
6722	472	10	\N
6723	472	10	\N
6724	472	7	\N
6725	472	3	\N
6726	515	2	\N
6727	443	2	\N
6728	443	2	\N
6729	443	7	\N
6730	492	2	\N
6731	502	2	\N
6732	502	7	\N
6733	502	2	\N
6734	582	2	\N
6735	582	2	\N
6736	582	7	\N
6737	582	7	\N
6738	523	7	\N
6739	448	7	\N
6740	515	2	\N
6741	473	2	\N
6742	523	7	\N
6743	473	7	\N
6744	515	7	\N
6745	448	7	\N
6746	477	7	\N
6747	477	7	\N
6748	448	2	\N
6749	448	7	\N
6750	448	7	\N
6751	10919	7	\N
6752	480	7	\N
6753	498	7	\N
6754	5083	2	\N
6755	474	7	\N
6756	464	7	\N
6757	460	7	\N
6758	469	7	\N
6759	469	7	\N
6760	469	7	\N
6761	469	7	\N
6762	469	7	\N
6763	469	2	\N
6764	468	7	\N
6765	468	7	\N
6766	468	7	\N
6767	10887	7	\N
6768	480	7	\N
6769	480	7	\N
6770	582	2	\N
6771	582	2	\N
6772	582	7	\N
6773	582	7	\N
6774	445	7	\N
6775	445	2	\N
6776	445	2	\N
6777	456	7	\N
6778	452	7	\N
6779	452	7	\N
6780	452	7	\N
6781	452	2	\N
6782	452	2	\N
6783	452	2	\N
6784	452	2	\N
6785	452	2	\N
6786	452	2	\N
6787	452	2	\N
6788	452	2	\N
6789	452	2	\N
6790	472	3	\N
6791	467	3	\N
6792	467	2	\N
6793	472	3	\N
6794	472	7	\N
6795	472	3	\N
6796	467	3	\N
6797	467	7	\N
6798	467	7	\N
6799	472	7	\N
6800	472	7	\N
6801	472	7	\N
6802	467	7	\N
6803	467	7	\N
6804	467	7	\N
6805	467	7	\N
6806	467	7	\N
6807	467	7	\N
6808	499	7	\N
6809	499	7	\N
6810	476	2	\N
6811	496	3	\N
6812	496	3	\N
6813	498	7	\N
6814	499	7	\N
6815	499	7	\N
6816	5083	7	\N
6817	5083	7	\N
6818	485	7	\N
6819	485	7	\N
6820	485	7	\N
6821	485	7	\N
6822	485	7	\N
6823	485	7	\N
6824	440	2	\N
6826	467	7	\N
6827	498	7	\N
6828	474	2	\N
6829	515	2	\N
6830	5083	7	\N
6831	483	7	\N
6832	496	3	\N
6833	496	3	\N
6834	496	3	\N
6835	443	2	\N
6836	443	2	\N
6837	443	7	\N
6838	443	2	\N
6839	603	2	\N
6840	603	2	\N
6841	603	2	\N
6842	10224	2	\N
6843	10224	7	\N
6844	10224	7	\N
6845	498	7	\N
6846	498	2	\N
6847	481	7	\N
6848	498	7	\N
6849	5083	7	\N
6850	499	7	\N
6851	523	7	\N
6852	523	7	\N
6853	523	2	\N
6854	448	2	\N
6855	464	7	\N
6856	464	7	\N
6857	460	7	\N
6858	460	3	\N
6859	460	3	\N
6860	460	3	\N
6861	460	7	\N
6862	460	7	\N
6863	476	7	\N
6864	483	7	\N
6865	496	3	\N
6866	523	7	\N
6867	483	7	\N
6868	445	2	\N
6869	449	2	\N
6870	449	7	\N
6871	582	2	\N
6872	582	2	\N
6873	582	7	\N
6874	582	7	\N
6875	582	7	\N
6876	498	7	\N
6877	499	2	\N
6878	603	7	\N
6879	603	2	\N
6880	603	2	\N
6881	603	2	\N
6882	603	2	\N
6883	603	2	\N
6884	603	2	\N
6885	10887	7	\N
6886	10887	3	\N
6887	10887	3	\N
6888	10887	3	\N
6889	444	7	\N
6890	444	7	\N
6891	444	7	\N
6892	444	7	\N
6893	452	2	\N
6894	452	2	\N
6895	452	2	\N
6896	452	2	\N
6897	452	7	\N
6898	452	7	\N
6899	452	7	\N
6900	452	2	\N
6901	452	2	\N
6902	483	3	\N
6903	483	7	\N
6905	482	7	\N
6906	482	7	\N
6907	483	7	\N
6908	498	3	\N
6909	449	7	\N
6910	478	3	\N
6911	478	7	\N
6912	478	7	\N
6913	478	2	\N
6914	478	2	\N
6915	449	2	\N
6916	449	2	\N
6917	448	2	\N
6918	448	2	\N
6919	10919	2	\N
6920	440	2	\N
6921	583	7	\N
6922	482	2	\N
6923	584	2	\N
6924	584	2	\N
6925	584	2	\N
6926	584	7	\N
6927	584	7	\N
6928	449	2	\N
6929	449	7	\N
6930	5083	2	\N
6931	498	2	\N
6932	474	2	\N
6933	449	7	\N
6934	498	2	\N
6935	481	7	\N
6936	460	2	\N
6937	460	7	\N
6938	460	3	\N
6939	460	3	\N
6940	464	7	\N
6941	449	2	\N
6942	474	7	\N
6943	582	2	\N
6944	582	7	\N
6945	582	7	\N
6946	448	7	\N
6947	5122	2	\N
6948	5122	2	\N
6949	499	7	\N
6950	448	7	\N
6951	523	7	\N
6952	523	7	\N
6953	448	7	\N
6954	499	2	\N
6955	474	7	\N
6956	499	7	\N
6957	582	7	\N
6958	582	7	\N
6959	440	2	\N
6960	440	2	\N
6961	466	2	\N
6962	441	2	\N
6963	441	7	\N
6964	441	2	\N
6965	441	3	\N
6966	441	3	\N
6967	441	3	\N
6968	441	3	\N
6969	478	2	\N
6970	478	7	\N
6971	478	7	\N
6972	478	7	\N
6973	10887	3	\N
6974	449	7	\N
6975	449	7	\N
6976	498	7	\N
6977	582	2	\N
6978	473	2	\N
6979	523	7	\N
6980	2236	2	\N
6981	2236	-1	\N
