#id	descriptor	modelyear
9	YV40621A*P1	2023
10	YV4BR00K*L1	2020
11	YV4H600L*N1	2022
12	YV40621N*P1	2023
13	YV4BR00K*M1	2021
14	YV4H600N*P1	2023
15	YV4A221K*L1	2020
16	YV4BR00K*N1	2022
17	YV4H600Z*N1	2022
18	YV4A221K*M1	2021
19	YV4BR00L*L1	2020
20	YV4A221K*N1	2022
21	YV4BR00L*M1	2021
22	YV4A221L*L1	2020
23	YV4BR00L*N1	2022
24	YV4A221L*M1	2021
25	YV4BR00Z*N1	2022
26	YV4A221L*N1	2022
27	YV4H600A*P1	2023
28	1P9CMG4A*PE843	2023
29	W1W8NC3Y*RT	2024
30	KNDJH741*85	2009
31	KNDJH742*85	2009
32	KNDJJ741*85	2009
33	KMHGC4DH*BU	2012
34	W1W8ED3Y*KP	2019
35	W1W8ED6Y*KT	2019
36	W1W8EC6Y*KT	2019
37	W1W8ED3Y*KT	2019
38	W1W8EC3Y*LP	2020
39	W1W8ED3Y*LT	2020
40	W1W8ED6Y*LT	2020
41	W1W9EB3Y*LT	2020
42	W1W8EC3Y*LT	2020
43	W1W8EC6Y*LP	2020
44	W1W8ED6Y*LP	2020
45	W1W8EB3Y*LP	2020
46	W1W8EB3Y*LT	2020
47	W1W8ED3Y*LP	2020
48	W1W9ED3Y*LT	2020
49	W1W8EB6Y*LT	2020
50	W1W8EB6Y*LP	2020
51	W1W8EC6Y*LT	2020
52	W1W8EB6Y*MT	2021
53	W1W9ED3Y*MT	2021
54	W1W8DD3Y*MT	2021
55	W1W8EC3Y*MP	2021
56	W1W8ED3Y*MP	2021
57	W1W8EC6Y*MT	2021
58	W1W8ED6Y*MT	2021
59	W1W8ED3Y*MT	2021
60	W1W8DB3Y*MT	2021
61	W1W8EC6Y*NT	2022
62	W1W8EB3Y*NT	2022
63	W1W8ED3Y*NT	2022
64	W1W8EC6Y*NP	2022
65	W1W8EB6Y*NT	2022
66	W1W8ED6Y*NT	2022
67	W1W8NC3Y*PT	2023
68	W1W8NC6Y*PT	2023
69	W1W8ND3Y*PT	2023
70	W1W8ND6Y*PT	2023
71	W1W8ND6Y*RT	2024
72	W1W8NB6Y*RT	2024
73	1XKYDL9X*RR	2024
74	3BPPHL7X*RF	2024
75	W1W9ED3Y*NT	2022
77	W1W8NC6Y*RT	2024
78	W1W8NC6Y*TT	2026
